cell_name,celltype
102_1,OPC
102_2,NPC
102_4,NPC
102_5,OPC
102_7,NPC
102_8,NPC
102_10,NPC
102_13,OPC
102_14,AC
102_16,OPC
102_18,OPC
102_20,NPC
102_21,OPC
102_22,OPC
102_23,NPC
102_26,NPC
102_27,OPC
102_28,NPC
102_29,NPC
102_33,NPC
102_37,NPC
102_38,AC
102_40,OPC
102_41,NPC
102_42,OPC
102_45,OPC
102_46,NPC
102_47,NPC
102_48,NPC
102_53,NPC
102_56,NPC
102_57,NPC
102_60,OPC
102_61,NPC
102_66,AC
102_67,OPC
102_73,NPC
102_76,OPC
102_77,AC
102_78,NPC
102_79,NPC
102_82,NPC
102_84,AC
102_87,AC
102_88,MES
102_90,AC
102_91,NPC
102_92,NPC
102_93,OPC
102_94,OPC
102_95,NPC
102_96,NPC
102_97,AC
102_98,NPC
102_99,NPC
102_100,NPC
102_103,MES
102_104,OPC
102_105,AC
102_106,NPC
102_107,NPC
102_111,NPC
102_112,OPC
102_114,AC
102_116,NPC
102_117,OPC
102_118,OPC
102_119,NPC
102_122,OPC
102_123,NPC
102_124,MES
102_125,NPC
102_129,OPC
102_130,NPC
102_131,AC
102_134,OPC
102_135,NPC
102_137,AC
102_138,NPC
102_139,OPC
102_143,NPC
102_144,NPC
102_145,NPC
102_147,NPC
102_148,OPC
102_152,NPC
102_154,NPC
102_155,NPC
102_156,NPC
102_158,OPC
102_159,AC
102_160,NPC
102_162,NPC
102_163,NPC
102_166,NPC
102_168,NPC
102_169,NPC
102_171,NPC
102_173,NPC
102_174,NPC
102_176,OPC
102_177,NPC
102_178,NPC
102_182,NPC
102_183,NPC
102_185,OPC
102_187,NPC
102_189,NPC
102_191,NPC
102_192,NPC
102_193,NPC
102_194,NPC
102_196,NPC
102_197,NPC
102_199,AC
102_201,NPC
102_202,NPC
102_204,AC
102_205,NPC
102_206,NPC
102_208,NPC
102_209,NPC
102_210,OPC
102_211,NPC
102_212,NPC
102_215,OPC
102_216,AC
102_220,OPC
102_221,AC
102_227,AC
102_229,NPC
102_230,NPC
102_231,NPC
102_232,NPC
102_237,NPC
102_238,NPC
102_239,NPC
102_241,NPC
102_242,NPC
102_243,NPC
102_244,NPC
102_245,NPC
102_248,NPC
102_249,OPC
102_251,OPC
102_253,OPC
102_254,NPC
102_256,NPC
102_257,NPC
102_259,NPC
102_261,NPC
102_263,OPC
102_264,OPC
102_265,OPC
102_267,OPC
102_270,NPC
102_271,NPC
102_272,NPC
102_274,MES
102_275,NPC
102_276,NPC
102_277,NPC
102_280,OPC
102_283,NPC
102_284,NPC
102_285,NPC
102_286,OPC
102_287,OPC
102_290,NPC
102_291,NPC
102_292,NPC
102_294,NPC
102_295,NPC
102_297,AC
102_300,OPC
102_301,NPC
102_302,NPC
102_304,OPC
102_306,NPC
102_307,NPC
102_308,NPC
102_310,NPC
102_311,NPC
102_312,NPC
102_313,NPC
102_315,NPC
102_316,NPC
102_320,MES
102_324,AC
102_325,NPC
102_326,NPC
102_327,NPC
102_328,NPC
102_331,NPC
102_333,MES
102_335,NPC
102_336,AC
102_338,AC
102_340,NPC
102_341,NPC
102_342,NPC
102_344,NPC
102_345,NPC
102_347,NPC
102_351,OPC
102_353,NPC
102_355,OPC
102_356,MES
102_358,OPC
102_359,NPC
102_360,OPC
102_362,OPC
102_368,AC
102_369,NPC
102_370,NPC
102_372,OPC
102_373,NPC
102_377,NPC
102_381,NPC
102_382,NPC
102_383,NPC
102_385,OPC
102_386,AC
102_389,NPC
102_390,NPC
102_392,NPC
102_393,NPC
102_395,NPC
102_396,NPC
102_399,AC
102_402,NPC
102_403,OPC
102_406,NPC
102_407,NPC
102_408,NPC
102_410,NPC
102_411,NPC
102_412,NPC
102_413,OPC
102_414,NPC
102_415,NPC
102_416,NPC
102_417,NPC
102_419,NPC
102_420,OPC
102_421,AC
102_422,OPC
102_424,NPC
102_427,MES
102_428,OPC
102_429,NPC
102_431,AC
102_433,NPC
102_434,NPC
102_436,NPC
102_437,NPC
102_440,NPC
102_444,NPC
102_446,NPC
102_447,NPC
102_448,NPC
102_451,NPC
102_452,NPC
102_454,NPC
102_455,NPC
102_456,NPC
102_457,OPC
102_459,AC
102_460,AC
102_462,NPC
102_465,OPC
102_466,NPC
102_467,NPC
102_468,OPC
102_469,MES
102_470,NPC
102_471,NPC
102_476,NPC
102_477,NPC
102_478,NPC
102_482,AC
102_488,AC
102_489,OPC
102_492,AC
102_493,OPC
102_495,AC
102_496,NPC
102_497,NPC
102_499,OPC
102_500,AC
102_502,MES
102_505,NPC
102_506,AC
102_508,MES
102_509,OPC
102_510,OPC
102_511,AC
102_513,NPC
102_514,NPC
102_516,NPC
102_517,OPC
102_518,NPC
102_521,NPC
102_522,OPC
102_523,NPC
102_524,NPC
102_527,NPC
102_528,NPC
102_529,AC
102_532,OPC
102_535,NPC
102_536,NPC
102_538,NPC
102_539,NPC
102_540,NPC
102_541,AC
102_542,NPC
102_544,AC
102_545,NPC
102_550,OPC
102_551,OPC
102_554,NPC
102_556,OPC
102_557,NPC
102_558,NPC
102_560,NPC
102_563,AC
102_564,NPC
102_565,AC
102_566,NPC
102_567,OPC
102_570,OPC
102_572,NPC
102_573,NPC
102_576,NPC
102_577,AC
102_578,NPC
102_581,NPC
102_583,NPC
102_585,NPC
102_586,NPC
102_589,NPC
102_590,NPC
102_591,OPC
102_592,OPC
102_593,NPC
102_594,OPC
102_595,NPC
102_598,NPC
102_599,NPC
102_600,NPC
102_603,NPC
102_605,NPC
102_610,NPC
102_611,NPC
102_612,AC
102_613,NPC
102_614,OPC
102_615,NPC
102_618,NPC
102_619,NPC
102_620,NPC
102_621,AC
102_623,NPC
102_624,OPC
102_625,OPC
102_626,MES
102_627,NPC
102_628,OPC
102_629,NPC
102_630,NPC
102_631,NPC
102_632,NPC
102_634,AC
102_635,AC
102_636,NPC
102_637,AC
102_638,NPC
102_639,NPC
102_640,NPC
102_641,NPC
102_642,OPC
102_645,OPC
102_649,NPC
102_650,NPC
102_651,AC
102_653,NPC
102_657,NPC
102_658,NPC
102_661,OPC
102_662,AC
102_663,NPC
102_665,NPC
102_666,NPC
102_667,NPC
102_670,NPC
102_675,NPC
102_676,AC
102_677,NPC
102_680,NPC
102_682,NPC
102_683,OPC
102_685,MES
102_686,OPC
102_688,NPC
102_689,AC
102_694,NPC
102_696,NPC
102_697,NPC
102_698,NPC
102_699,NPC
102_701,NPC
102_702,AC
102_703,NPC
102_705,NPC
102_707,NPC
102_709,NPC
102_712,OPC
102_714,OPC
102_716,NPC
102_719,AC
102_721,OPC
102_725,NPC
102_726,NPC
102_728,NPC
102_729,NPC
102_734,OPC
102_737,NPC
102_738,NPC
102_739,NPC
102_740,NPC
102_741,NPC
102_742,OPC
102_743,OPC
102_746,OPC
102_747,NPC
102_748,NPC
102_749,NPC
102_750,NPC
102_752,AC
102_754,NPC
102_756,NPC
102_757,NPC
102_758,AC
102_759,NPC
102_761,AC
102_763,MES
102_765,NPC
102_766,NPC
102_767,NPC
102_768,MES
102_769,NPC
102_770,MES
102_771,NPC
102_772,AC
102_773,NPC
102_774,OPC
102_775,AC
102_777,NPC
102_778,AC
102_779,NPC
102_780,NPC
102_781,NPC
102_782,OPC
102_783,NPC
102_786,NPC
102_790,OPC
102_792,NPC
102_793,MES
102_796,NPC
102_799,NPC
102_801,NPC
102_802,NPC
102_803,NPC
102_804,NPC
102_806,OPC
102_807,NPC
102_808,NPC
102_812,AC
102_813,NPC
102_815,NPC
102_816,AC
102_817,NPC
102_820,NPC
102_826,NPC
102_827,NPC
102_829,NPC
102_831,NPC
102_832,NPC
102_839,AC
102_840,OPC
102_841,AC
102_842,AC
102_844,MES
102_845,MES
102_849,NPC
102_851,NPC
102_854,NPC
102_855,OPC
102_856,OPC
102_859,NPC
102_862,OPC
102_864,MES
102_865,AC
102_868,AC
102_870,NPC
102_871,OPC
102_872,OPC
102_874,AC
102_877,OPC
102_879,MES
102_882,NPC
102_883,MES
102_893,NPC
102_896,MES
102_897,NPC
102_898,NPC
102_899,NPC
102_901,NPC
102_902,OPC
102_904,NPC
102_906,NPC
102_910,AC
102_915,NPC
102_916,OPC
102_920,OPC
102_921,OPC
102_922,NPC
102_925,OPC
102_927,MES
102_928,NPC
102_934,NPC
102_938,NPC
102_939,AC
102_940,NPC
102_941,AC
102_942,OPC
102_943,NPC
102_945,NPC
102_946,AC
102_947,NPC
102_951,NPC
102_952,NPC
102_955,NPC
102_957,NPC
102_959,NPC
102_960,OPC
102_963,AC
102_966,NPC
102_968,NPC
102_971,AC
102_972,NPC
102_974,NPC
102_975,AC
102_978,NPC
102_980,OPC
102_981,NPC
102_982,NPC
102_983,NPC
102_984,NPC
102_985,NPC
102_986,NPC
102_987,OPC
102_988,NPC
102_989,NPC
102_991,MES
102_993,NPC
102_995,MES
102_996,OPC
102_1000,NPC
102_1001,AC
102_1002,OPC
102_1005,AC
102_1006,NPC
102_1007,NPC
102_1010,NPC
102_1016,NPC
102_1017,NPC
102_1020,NPC
102_1021,NPC
102_1022,NPC
102_1024,NPC
102_1025,OPC
102_1026,OPC
102_1031,AC
102_1032,OPC
102_1033,NPC
102_1034,AC
102_1037,NPC
102_1038,AC
102_1039,OPC
102_1040,AC
102_1042,NPC
102_1043,NPC
102_1045,NPC
102_1046,NPC
102_1047,NPC
102_1048,NPC
102_1050,NPC
102_1052,NPC
102_1053,NPC
102_1054,NPC
102_1056,OPC
102_1058,OPC
102_1059,OPC
102_1060,OPC
102_1061,MES
102_1062,AC
102_1063,NPC
102_1064,NPC
102_1065,NPC
102_1067,MES
102_1068,OPC
102_1071,OPC
102_1072,OPC
102_1073,OPC
102_1074,OPC
102_1075,OPC
102_1076,NPC
102_1081,AC
102_1082,AC
102_1084,NPC
102_1086,NPC
102_1088,NPC
102_1092,OPC
102_1095,NPC
102_1096,NPC
102_1097,NPC
102_1101,AC
102_1103,AC
102_1105,NPC
102_1106,NPC
102_1107,OPC
102_1109,NPC
102_1110,NPC
102_1111,NPC
102_1115,NPC
102_1117,AC
102_1119,MES
102_1121,NPC
102_1122,NPC
102_1124,AC
102_1125,NPC
102_1126,NPC
102_1127,NPC
102_1129,NPC
102_1130,OPC
102_1131,AC
102_1132,AC
102_1135,NPC
102_1137,NPC
102_1139,NPC
102_1142,AC
102_1144,NPC
102_1146,NPC
102_1147,NPC
102_1150,NPC
102_1151,NPC
102_1154,NPC
102_1155,NPC
102_1157,NPC
102_1158,OPC
102_1161,MES
102_1164,OPC
102_1166,AC
102_1167,AC
102_1168,NPC
102_1169,OPC
102_1170,NPC
102_1171,NPC
102_1172,OPC
102_1174,OPC
102_1175,NPC
102_1179,OPC
102_1180,OPC
102_1181,NPC
102_1183,NPC
102_1186,MES
102_1187,NPC
102_1188,NPC
102_1191,OPC
102_1192,AC
102_1194,NPC
102_1196,NPC
102_1199,OPC
102_1200,NPC
102_1202,MES
102_1203,NPC
102_1206,NPC
102_1207,NPC
102_1208,NPC
102_1209,NPC
102_1210,OPC
102_1211,NPC
102_1212,NPC
102_1213,NPC
102_1214,NPC
102_1215,NPC
102_1218,NPC
102_1220,NPC
102_1222,NPC
102_1223,AC
102_1224,NPC
102_1226,NPC
102_1227,NPC
102_1228,NPC
102_1231,NPC
102_1232,NPC
102_1233,MES
102_1235,AC
102_1237,NPC
102_1239,NPC
102_1242,OPC
102_1245,NPC
102_1246,NPC
102_1247,NPC
102_1248,AC
102_1255,NPC
102_1260,NPC
102_1261,NPC
102_1262,NPC
102_1263,NPC
102_1265,MES
102_1266,AC
102_1267,NPC
102_1269,NPC
102_1272,NPC
102_1273,NPC
102_1276,AC
102_1277,NPC
102_1278,OPC
102_1280,NPC
102_1285,NPC
102_1286,NPC
102_1288,OPC
102_1289,NPC
102_1290,AC
102_1291,OPC
102_1293,AC
102_1294,NPC
102_1295,OPC
102_1296,NPC
102_1297,NPC
102_1298,AC
102_1299,OPC
102_1300,OPC
102_1304,NPC
102_1306,NPC
102_1307,NPC
102_1310,NPC
102_1313,NPC
102_1314,NPC
102_1315,OPC
102_1316,NPC
102_1319,OPC
102_1320,AC
102_1321,OPC
102_1322,NPC
102_1323,OPC
102_1325,NPC
102_1327,NPC
102_1328,NPC
102_1329,NPC
102_1336,NPC
102_1337,OPC
102_1340,NPC
102_1341,NPC
102_1343,OPC
102_1344,AC
102_1346,NPC
102_1350,NPC
102_1352,NPC
102_1353,AC
102_1354,NPC
102_1356,MES
102_1358,NPC
102_1360,AC
102_1361,AC
102_1362,NPC
102_1363,NPC
102_1364,OPC
102_1366,NPC
102_1369,MES
102_1370,NPC
102_1372,NPC
102_1375,NPC
102_1376,NPC
102_1377,NPC
102_1380,AC
102_1382,NPC
102_1383,AC
102_1386,NPC
102_1388,NPC
102_1389,AC
102_1390,NPC
102_1392,NPC
102_1395,OPC
102_1396,AC
102_1399,NPC
102_1401,AC
102_1402,NPC
102_1403,AC
102_1404,NPC
102_1405,AC
102_1406,OPC
102_1408,OPC
102_1409,NPC
102_1411,NPC
102_1412,NPC
102_1413,NPC
102_1414,NPC
102_1415,NPC
102_1417,NPC
102_1420,OPC
102_1421,AC
102_1423,NPC
102_1426,AC
102_1427,NPC
102_1429,NPC
102_1430,OPC
102_1434,NPC
102_1435,NPC
102_1436,NPC
102_1437,NPC
102_1440,NPC
102_1441,OPC
102_1442,AC
102_1443,AC
102_1445,NPC
102_1446,MES
102_1449,NPC
102_1450,NPC
102_1451,NPC
102_1452,NPC
102_1456,NPC
102_1457,NPC
102_1458,NPC
102_1459,NPC
102_1460,NPC
102_1463,NPC
102_1464,NPC
102_1465,NPC
102_1466,OPC
102_1468,NPC
102_1469,NPC
102_1471,OPC
102_1473,NPC
102_1475,MES
102_1476,OPC
102_1478,NPC
102_1479,NPC
102_1480,AC
102_1482,NPC
102_1483,NPC
102_1484,NPC
102_1486,NPC
102_1488,NPC
102_1489,NPC
102_1490,OPC
102_1491,NPC
102_1492,MES
102_1499,OPC
102_1500,AC
102_1501,MES
102_1504,OPC
102_1507,NPC
102_1511,OPC
102_1512,NPC
102_1513,AC
102_1514,NPC
102_1517,MES
102_1518,NPC
102_1523,NPC
102_1524,NPC
102_1525,NPC
102_1527,NPC
102_1528,NPC
102_1530,NPC
102_1531,OPC
102_1533,NPC
102_1534,NPC
102_1536,NPC
102_1537,NPC
102_1538,NPC
102_1540,NPC
102_1541,NPC
102_1544,AC
102_1545,NPC
102_1547,NPC
102_1549,AC
102_1550,AC
102_1551,OPC
102_1552,NPC
102_1557,OPC
102_1558,OPC
102_1559,NPC
102_1561,AC
102_1563,NPC
102_1565,NPC
102_1567,NPC
102_1571,NPC
102_1573,OPC
102_1577,NPC
102_1580,NPC
102_1582,NPC
102_1583,NPC
102_1584,OPC
102_1587,MES
102_1589,AC
102_1590,NPC
102_1591,NPC
102_1592,MES
102_1594,NPC
102_1597,NPC
102_1599,NPC
102_1601,NPC
102_1602,NPC
102_1605,NPC
102_1606,NPC
102_1607,OPC
102_1610,AC
102_1611,NPC
102_1613,NPC
102_1614,NPC
102_1615,NPC
102_1617,NPC
102_1619,NPC
102_1623,NPC
102_1624,OPC
102_1625,MES
102_1627,OPC
102_1629,OPC
102_1630,OPC
102_1636,NPC
102_1637,MES
102_1638,NPC
102_1639,NPC
102_1640,AC
102_1641,OPC
102_1644,OPC
102_1645,NPC
102_1648,MES
102_1650,NPC
102_1652,NPC
102_1653,AC
102_1655,NPC
102_1658,NPC
102_1659,NPC
102_1660,AC
102_1662,AC
102_1664,NPC
102_1665,MES
102_1667,NPC
102_1669,NPC
102_1670,MES
102_1673,NPC
102_1674,AC
102_1675,OPC
102_1676,OPC
102_1682,AC
102_1683,MES
102_1685,AC
102_1686,AC
102_1687,NPC
102_1694,NPC
102_1695,NPC
102_1697,NPC
102_1698,OPC
102_1699,NPC
102_1701,NPC
102_1702,NPC
102_1703,NPC
102_1706,NPC
102_1707,NPC
102_1709,OPC
102_1710,NPC
102_1711,NPC
102_1712,NPC
102_1714,NPC
102_1716,NPC
102_1718,AC
102_1719,OPC
102_1720,NPC
102_1721,NPC
102_1723,NPC
102_1724,AC
102_1725,AC
102_1732,NPC
102_1733,NPC
102_1734,OPC
102_1735,OPC
102_1736,AC
102_1738,AC
102_1741,MES
102_1743,NPC
102_1744,NPC
102_1745,NPC
102_1749,AC
102_1752,NPC
102_1755,NPC
102_1756,NPC
102_1757,NPC
102_1759,NPC
102_1762,AC
102_1763,NPC
102_1764,NPC
102_1765,NPC
102_1768,NPC
102_1769,NPC
102_1770,NPC
102_1771,NPC
102_1773,NPC
102_1774,NPC
102_1776,NPC
102_1777,NPC
102_1780,NPC
102_1781,NPC
102_1784,AC
102_1785,NPC
102_1786,NPC
102_1787,MES
102_1789,NPC
102_1790,OPC
102_1791,OPC
102_1795,NPC
102_1797,NPC
102_1798,NPC
102_1799,OPC
102_1800,OPC
102_1803,OPC
102_1804,NPC
102_1805,NPC
102_1806,NPC
102_1808,NPC
102_1809,NPC
102_1810,NPC
102_1811,NPC
102_1818,NPC
102_1820,NPC
102_1821,NPC
102_1824,NPC
102_1825,AC
102_1828,MES
102_1829,NPC
102_1830,NPC
102_1833,NPC
102_1834,NPC
102_1837,NPC
102_1840,OPC
102_1843,NPC
102_1845,NPC
102_1846,NPC
102_1847,OPC
102_1852,OPC
102_1853,NPC
102_1854,NPC
102_1855,NPC
102_1856,NPC
102_1857,AC
102_1859,NPC
102_1860,OPC
102_1862,NPC
102_1863,NPC
102_1864,AC
102_1866,NPC
102_1867,NPC
102_1869,NPC
102_1871,NPC
102_1873,MES
102_1875,AC
102_1879,OPC
102_1880,NPC
102_1882,NPC
102_1884,NPC
102_1885,NPC
102_1887,OPC
102_1888,NPC
102_1892,NPC
102_1897,MES
102_1899,AC
102_1902,NPC
102_1904,NPC
102_1905,NPC
102_1908,NPC
102_1911,OPC
102_1912,AC
102_1913,NPC
102_1915,OPC
102_1917,NPC
102_1918,NPC
102_1919,NPC
102_1921,OPC
102_1923,NPC
102_1924,NPC
102_1925,NPC
102_1931,OPC
102_1932,NPC
102_1933,AC
102_1936,NPC
102_1938,NPC
102_1940,NPC
102_1941,NPC
102_1942,NPC
102_1944,NPC
102_1946,AC
102_1947,MES
102_1948,MES
102_1949,AC
102_1952,OPC
102_1953,OPC
102_1954,NPC
102_1955,NPC
102_1961,OPC
102_1962,AC
102_1966,NPC
102_1967,NPC
102_1968,NPC
102_1969,OPC
102_1971,NPC
102_1972,OPC
102_1973,NPC
102_1975,NPC
102_1977,MES
102_1980,NPC
102_1982,NPC
102_1983,NPC
102_1987,NPC
102_1988,MES
102_1989,NPC
102_1990,AC
102_1992,AC
102_1993,OPC
102_1996,NPC
102_1998,OPC
102_1999,NPC
102_2000,OPC
102_2002,OPC
102_2004,NPC
102_2005,NPC
102_2008,NPC
102_2009,NPC
102_2010,NPC
102_2011,NPC
102_2013,OPC
102_2014,OPC
102_2015,MES
102_2020,OPC
102_2022,OPC
102_2023,NPC
102_2024,NPC
102_2026,NPC
102_2031,NPC
102_2032,NPC
102_2034,NPC
102_2035,NPC
102_2036,NPC
102_2039,NPC
102_2040,NPC
102_2041,NPC
102_2044,NPC
102_2045,NPC
102_2046,NPC
102_2047,NPC
102_2051,NPC
102_2052,OPC
102_2053,NPC
102_2054,OPC
102_2056,OPC
102_2057,NPC
102_2058,AC
102_2059,AC
102_2060,AC
102_2061,NPC
102_2063,NPC
102_2064,OPC
102_2067,OPC
102_2069,NPC
102_2071,NPC
102_2073,OPC
102_2074,NPC
102_2075,NPC
102_2076,NPC
102_2077,AC
102_2080,NPC
102_2081,OPC
102_2082,MES
102_2084,AC
102_2086,AC
102_2088,NPC
102_2089,NPC
102_2090,NPC
102_2091,NPC
102_2094,NPC
102_2100,OPC
102_2101,NPC
102_2102,OPC
102_2103,AC
102_2104,NPC
102_2105,NPC
102_2106,MES
102_2107,OPC
102_2108,NPC
102_2109,NPC
102_2110,NPC
102_2112,NPC
102_2114,MES
102_2116,NPC
102_2119,NPC
102_2121,OPC
102_2122,NPC
102_2125,NPC
143_7d_2,AC
143_7d_3,AC
143_7d_4,AC
143_7d_6,AC
143_7d_7,AC
143_7d_8,AC
143_7d_9,AC
143_7d_10,AC
143_7d_12,AC
143_7d_13,AC
143_7d_15,AC
143_7d_16,AC
143_7d_17,AC
143_7d_18,AC
143_7d_19,AC
143_7d_20,AC
143_7d_21,AC
143_7d_22,MES
143_7d_23,AC
143_7d_24,MES
143_7d_25,AC
143_7d_26,AC
143_7d_27,AC
143_7d_28,AC
143_7d_29,AC
143_7d_30,AC
143_7d_31,AC
143_7d_32,AC
143_7d_33,AC
143_7d_34,AC
143_7d_35,AC
143_7d_36,MES
143_7d_37,AC
143_7d_38,AC
143_7d_39,AC
143_7d_40,AC
143_7d_41,AC
143_7d_42,AC
143_7d_43,AC
143_7d_44,AC
143_7d_45,AC
143_7d_46,AC
143_7d_47,AC
143_7d_48,AC
143_7d_49,AC
143_7d_50,AC
143_7d_51,AC
143_7d_52,AC
143_7d_53,AC
143_7d_54,AC
143_7d_55,AC
143_7d_56,AC
143_7d_57,AC
143_7d_58,AC
143_7d_59,AC
143_7d_60,AC
143_7d_61,AC
143_7d_62,AC
143_7d_63,AC
143_7d_64,MES
143_7d_65,AC
143_7d_66,AC
143_7d_67,AC
143_7d_68,AC
143_7d_69,AC
143_7d_70,AC
143_7d_71,AC
143_7d_72,AC
143_7d_73,AC
143_7d_74,MES
143_7d_75,AC
143_7d_76,AC
143_7d_77,AC
143_7d_78,AC
143_7d_79,AC
143_7d_80,AC
143_7d_81,AC
143_7d_83,AC
143_7d_84,AC
143_7d_85,AC
143_7d_86,AC
143_7d_87,AC
143_7d_88,MES
143_7d_91,AC
143_7d_92,AC
143_7d_93,AC
143_7d_94,MES
143_7d_95,AC
143_7d_96,AC
143_7d_97,MES
143_7d_98,AC
143_7d_99,AC
143_7d_100,AC
143_7d_101,AC
143_7d_102,AC
143_7d_103,AC
143_7d_104,AC
143_7d_105,AC
143_7d_106,AC
143_7d_107,AC
143_7d_108,AC
143_7d_109,AC
143_7d_110,AC
143_7d_111,AC
143_7d_112,AC
143_7d_113,AC
143_7d_114,AC
143_7d_115,AC
143_7d_116,AC
143_7d_117,AC
143_7d_118,AC
143_7d_119,AC
143_7d_120,AC
143_7d_122,AC
143_7d_123,AC
143_7d_124,AC
143_7d_125,AC
143_7d_126,AC
143_7d_127,AC
143_7d_128,AC
143_7d_129,AC
143_7d_131,AC
143_7d_132,MES
143_7d_133,AC
143_7d_134,AC
143_7d_135,AC
143_7d_136,MES
143_7d_137,AC
143_7d_138,AC
143_7d_139,AC
143_7d_140,NPC
143_7d_141,AC
143_7d_142,AC
143_7d_143,AC
143_7d_144,AC
143_7d_146,AC
143_7d_148,AC
143_7d_149,AC
143_7d_152,MES
143_7d_154,AC
143_7d_155,AC
143_7d_156,AC
143_7d_157,AC
143_7d_158,AC
143_7d_159,AC
143_7d_160,AC
143_7d_161,AC
143_7d_162,AC
143_7d_163,AC
143_7d_164,AC
143_7d_165,AC
143_7d_166,AC
143_7d_167,AC
143_7d_168,AC
143_7d_169,AC
143_7d_170,AC
143_7d_171,AC
143_7d_172,AC
143_7d_173,AC
143_7d_174,AC
143_7d_176,MES
143_7d_177,AC
143_7d_178,AC
143_7d_179,AC
143_7d_180,AC
143_7d_181,AC
143_7d_182,AC
143_7d_184,AC
143_7d_185,AC
143_7d_186,AC
143_7d_187,AC
143_7d_188,AC
143_7d_189,AC
143_7d_190,AC
143_7d_191,AC
143_7d_192,AC
143_7d_194,AC
143_7d_195,MES
143_7d_196,AC
143_7d_197,AC
143_7d_198,AC
143_7d_199,AC
143_7d_200,AC
143_7d_202,AC
143_7d_203,MES
143_7d_204,AC
143_7d_205,AC
143_7d_206,AC
143_7d_207,AC
143_7d_208,AC
143_7d_211,AC
143_7d_212,AC
143_7d_213,AC
143_7d_214,AC
143_7d_215,AC
143_7d_216,AC
143_7d_217,AC
143_7d_218,AC
143_7d_219,MES
143_7d_220,AC
143_7d_221,AC
143_7d_222,NPC
143_7d_223,AC
143_7d_224,AC
143_7d_225,AC
143_7d_226,AC
143_7d_227,AC
143_7d_228,AC
143_7d_229,AC
143_7d_230,AC
143_7d_231,AC
143_7d_232,AC
143_7d_233,AC
143_7d_234,AC
143_7d_235,AC
143_7d_236,AC
143_7d_237,MES
143_7d_238,MES
143_7d_239,AC
143_7d_240,AC
143_7d_241,AC
143_7d_243,AC
143_7d_245,MES
143_7d_246,NPC
143_7d_247,AC
143_7d_248,MES
143_7d_249,AC
143_7d_250,AC
143_7d_251,AC
143_7d_252,AC
143_7d_254,AC
143_7d_255,MES
143_7d_256,AC
143_7d_257,AC
143_7d_258,AC
143_7d_259,AC
143_7d_260,AC
143_7d_261,AC
143_7d_262,AC
143_7d_263,AC
143_7d_264,AC
143_7d_265,AC
143_7d_266,AC
143_7d_267,AC
143_7d_268,AC
143_7d_269,AC
143_7d_270,AC
143_7d_271,AC
143_7d_273,AC
143_7d_274,AC
143_7d_275,AC
143_7d_277,AC
143_7d_278,AC
143_7d_280,AC
143_7d_282,AC
143_7d_283,MES
143_7d_284,AC
143_7d_285,AC
143_7d_286,AC
143_7d_287,AC
143_7d_288,AC
143_7d_289,AC
143_7d_290,AC
143_7d_291,AC
143_7d_292,AC
143_7d_293,AC
143_7d_295,AC
143_7d_296,AC
143_7d_297,AC
143_7d_298,AC
143_7d_299,AC
143_7d_300,AC
143_7d_301,AC
143_7d_302,AC
143_7d_303,MES
143_7d_304,AC
143_7d_305,NPC
143_7d_306,AC
143_7d_308,AC
143_7d_309,AC
143_7d_310,AC
143_7d_311,AC
143_7d_312,AC
143_7d_313,AC
143_7d_314,MES
143_7d_315,AC
143_7d_316,AC
143_7d_317,AC
143_7d_318,AC
143_7d_320,MES
143_7d_321,AC
143_7d_322,AC
143_7d_323,AC
143_7d_324,AC
143_7d_325,MES
143_7d_326,AC
143_7d_327,AC
143_7d_328,AC
143_7d_329,AC
143_7d_330,AC
143_7d_331,MES
143_7d_332,AC
143_7d_333,AC
143_7d_334,AC
143_7d_335,AC
143_7d_336,AC
143_7d_338,MES
143_7d_339,AC
143_7d_340,AC
143_7d_341,AC
143_7d_342,AC
143_7d_343,AC
143_7d_344,AC
143_7d_345,AC
143_7d_346,AC
143_7d_347,AC
143_7d_348,MES
143_7d_349,AC
143_7d_350,AC
143_7d_351,AC
143_7d_352,AC
143_7d_353,AC
143_7d_354,AC
143_7d_355,AC
143_7d_356,MES
143_7d_357,AC
143_7d_358,AC
143_7d_359,AC
143_7d_360,AC
143_7d_361,AC
143_7d_364,AC
143_7d_366,AC
143_7d_367,AC
143_7d_368,AC
143_7d_369,NPC
143_7d_370,AC
143_7d_371,AC
143_7d_372,AC
143_7d_373,MES
143_7d_374,AC
143_7d_376,AC
143_7d_377,AC
143_7d_378,AC
143_7d_379,AC
143_7d_380,AC
143_7d_381,AC
143_7d_382,AC
143_7d_383,AC
143_7d_384,AC
143_7d_385,AC
143_7d_386,AC
143_7d_387,AC
143_7d_388,AC
143_7d_389,AC
143_7d_390,AC
143_7d_391,AC
143_7d_392,AC
143_7d_393,AC
143_7d_394,AC
143_7d_396,AC
143_7d_397,AC
143_7d_398,AC
143_7d_399,AC
143_7d_400,AC
143_7d_401,AC
143_7d_402,AC
143_7d_403,AC
143_7d_404,AC
143_7d_405,AC
143_7d_406,AC
143_7d_407,MES
143_7d_408,AC
143_7d_409,AC
143_7d_410,AC
143_7d_411,AC
143_7d_412,AC
143_7d_413,AC
143_7d_414,AC
143_7d_415,AC
143_7d_416,AC
143_7d_417,AC
143_7d_418,AC
143_7d_419,AC
143_7d_420,AC
143_7d_421,AC
143_7d_422,AC
143_7d_424,AC
143_7d_425,AC
143_7d_426,AC
143_7d_427,AC
143_7d_428,AC
143_7d_429,AC
143_7d_430,AC
143_7d_431,AC
143_7d_432,MES
143_7d_435,AC
143_7d_436,MES
143_7d_437,AC
143_7d_439,AC
143_7d_440,AC
143_7d_441,AC
143_7d_442,AC
143_7d_443,AC
143_7d_444,AC
143_7d_445,AC
143_7d_446,AC
143_7d_447,AC
143_7d_448,MES
143_7d_449,AC
143_7d_451,AC
143_7d_452,AC
143_7d_453,MES
143_7d_454,AC
143_7d_456,AC
143_7d_457,AC
143_7d_458,AC
143_7d_459,AC
143_7d_460,AC
143_7d_461,AC
143_7d_462,AC
143_7d_463,MES
143_7d_464,AC
143_7d_465,AC
143_7d_466,AC
143_7d_467,NPC
143_7d_468,AC
143_7d_469,AC
143_7d_470,MES
143_7d_471,AC
143_7d_472,AC
143_7d_473,AC
143_7d_474,MES
143_7d_476,AC
143_7d_477,MES
143_7d_478,AC
143_7d_479,MES
143_7d_480,AC
143_7d_481,AC
143_7d_482,AC
143_7d_483,AC
143_7d_486,AC
143_7d_487,AC
143_7d_488,AC
143_7d_489,AC
143_7d_490,AC
143_7d_491,AC
143_7d_492,AC
143_7d_493,AC
143_7d_494,AC
143_7d_495,AC
143_7d_496,AC
143_7d_497,AC
143_7d_498,MES
143_7d_499,AC
143_7d_500,AC
143_7d_501,MES
143_7d_502,AC
143_7d_503,AC
143_7d_505,AC
143_7d_506,MES
143_7d_507,AC
143_7d_508,AC
143_7d_510,AC
143_7d_511,AC
143_7d_512,AC
143_7d_513,AC
143_7d_514,AC
143_7d_515,AC
143_7d_516,AC
143_7d_517,AC
143_7d_518,AC
143_7d_519,MES
143_7d_520,AC
143_7d_521,AC
143_7d_523,AC
143_7d_524,AC
143_7d_525,AC
143_7d_526,AC
143_7d_527,AC
143_7d_528,AC
143_7d_529,AC
143_7d_533,AC
143_7d_534,AC
143_7d_535,AC
143_7d_537,AC
143_7d_538,AC
143_7d_539,MES
143_7d_540,AC
143_7d_541,MES
143_7d_542,AC
143_7d_543,AC
143_7d_544,AC
143_7d_546,AC
143_7d_547,AC
143_7d_548,AC
143_7d_549,AC
143_7d_550,AC
143_7d_551,AC
143_7d_552,AC
143_7d_553,AC
143_7d_554,AC
143_7d_555,AC
143_7d_556,AC
143_7d_559,AC
143_7d_560,AC
143_7d_561,AC
143_7d_562,AC
143_7d_563,MES
143_7d_564,AC
143_7d_565,AC
143_7d_566,AC
143_7d_567,AC
143_7d_568,AC
143_7d_569,AC
143_7d_570,AC
143_7d_571,AC
143_7d_572,AC
143_7d_573,AC
143_7d_574,AC
143_7d_575,AC
143_7d_576,AC
143_7d_577,AC
143_7d_578,AC
143_7d_580,AC
143_7d_581,AC
143_7d_582,AC
143_7d_583,AC
143_7d_584,AC
143_7d_585,AC
143_7d_586,AC
143_7d_587,AC
143_7d_588,AC
143_7d_589,AC
143_7d_591,MES
143_7d_592,AC
143_7d_594,AC
143_7d_595,AC
143_7d_596,AC
143_7d_597,AC
143_7d_599,AC
143_7d_600,AC
143_7d_601,AC
143_7d_602,AC
143_7d_603,MES
143_7d_604,AC
143_7d_605,AC
143_7d_606,AC
143_7d_608,AC
143_7d_609,AC
143_7d_610,AC
143_7d_611,AC
143_7d_612,AC
143_7d_614,AC
143_7d_615,AC
143_7d_616,AC
143_7d_617,AC
143_7d_618,AC
143_7d_620,AC
143_7d_621,AC
143_7d_622,AC
143_7d_623,AC
143_7d_625,AC
143_7d_626,AC
143_7d_629,AC
143_7d_630,AC
143_7d_631,AC
143_7d_632,MES
143_7d_635,AC
143_7d_636,AC
143_7d_637,AC
143_7d_638,AC
143_7d_639,AC
143_7d_640,MES
143_7d_641,AC
143_7d_642,AC
143_7d_643,AC
143_7d_645,AC
143_7d_646,MES
143_7d_647,MES
143_7d_648,MES
143_7d_649,AC
143_7d_650,AC
143_7d_652,AC
143_7d_653,MES
143_7d_654,AC
143_7d_655,AC
143_7d_656,AC
143_7d_658,AC
143_7d_659,AC
143_7d_660,AC
143_7d_661,AC
143_7d_663,AC
143_7d_664,AC
143_7d_665,AC
143_7d_667,MES
143_7d_668,AC
143_7d_669,AC
143_7d_670,AC
143_7d_671,MES
143_7d_672,AC
143_7d_674,AC
143_7d_675,AC
143_7d_676,AC
143_7d_678,AC
143_7d_679,AC
143_7d_680,AC
143_7d_681,AC
143_7d_682,AC
143_7d_683,MES
143_7d_684,AC
143_7d_685,AC
143_7d_686,AC
143_7d_687,AC
143_7d_688,AC
143_7d_689,AC
143_7d_690,AC
143_7d_691,AC
143_7d_692,AC
143_7d_693,AC
143_7d_694,AC
143_7d_695,AC
143_7d_696,AC
143_7d_698,AC
143_7d_699,MES
143_7d_700,AC
143_7d_701,AC
143_7d_702,AC
143_7d_704,AC
143_7d_706,AC
143_7d_707,AC
143_7d_708,AC
143_7d_709,AC
143_7d_710,AC
143_7d_711,MES
143_7d_712,AC
143_7d_714,AC
143_7d_715,AC
143_7d_716,AC
143_7d_717,AC
143_7d_718,AC
143_7d_719,AC
143_7d_720,AC
143_7d_721,AC
143_7d_722,AC
143_7d_724,AC
143_7d_725,AC
143_7d_726,AC
143_7d_727,AC
143_7d_728,AC
143_7d_729,AC
143_7d_731,AC
143_7d_732,AC
143_7d_734,MES
143_7d_735,AC
143_7d_737,AC
143_7d_738,AC
143_7d_740,AC
143_7d_741,AC
143_7d_742,AC
143_7d_743,AC
143_7d_744,AC
143_7d_745,AC
143_7d_746,AC
143_7d_747,MES
143_7d_748,AC
143_7d_749,AC
143_7d_750,AC
143_7d_751,AC
143_7d_752,AC
143_7d_753,AC
143_7d_754,AC
143_7d_755,AC
143_7d_757,AC
143_7d_758,AC
143_7d_759,AC
143_7d_760,AC
143_7d_761,AC
143_7d_762,AC
143_7d_763,AC
143_7d_765,AC
143_7d_766,AC
143_7d_767,MES
143_7d_768,AC
143_7d_770,AC
143_7d_771,AC
143_7d_772,AC
143_7d_773,AC
143_7d_774,AC
143_7d_776,NPC
143_7d_777,AC
143_7d_778,AC
143_7d_779,AC
143_7d_780,AC
143_7d_781,AC
143_7d_782,AC
143_7d_783,AC
143_7d_784,AC
143_7d_785,MES
143_7d_786,AC
143_7d_787,AC
143_7d_788,AC
143_7d_789,AC
143_7d_790,AC
143_7d_791,AC
143_7d_792,AC
143_7d_793,AC
143_7d_794,AC
143_7d_795,AC
143_7d_796,AC
143_7d_797,AC
143_7d_798,AC
143_7d_799,AC
143_7d_800,AC
143_7d_801,AC
143_7d_802,AC
143_7d_803,AC
143_7d_804,AC
143_7d_805,AC
143_7d_806,AC
143_7d_807,MES
143_7d_808,AC
143_7d_809,AC
143_7d_810,AC
143_7d_811,AC
143_7d_812,AC
143_7d_813,AC
143_7d_814,AC
143_7d_815,AC
143_7d_816,AC
143_7d_817,AC
143_7d_818,AC
143_7d_819,AC
143_7d_820,AC
143_7d_821,AC
143_7d_822,AC
143_7d_823,AC
143_7d_824,AC
143_7d_825,AC
143_7d_826,AC
143_7d_827,AC
143_7d_828,AC
143_7d_829,AC
143_7d_830,AC
143_7d_831,MES
143_7d_832,MES
143_7d_833,AC
143_7d_834,AC
143_7d_835,AC
143_7d_836,MES
143_7d_837,MES
143_7d_838,MES
143_7d_839,AC
143_7d_840,AC
143_7d_841,AC
143_7d_842,MES
143_7d_843,AC
143_7d_844,AC
143_7d_845,AC
143_7d_846,AC
143_7d_847,NPC
143_7d_848,AC
143_7d_849,AC
143_7d_850,AC
143_7d_851,AC
143_7d_852,AC
143_7d_853,AC
143_7d_854,AC
143_7d_855,AC
143_7d_856,AC
143_7d_857,AC
143_7d_858,AC
143_7d_859,AC
143_7d_860,AC
143_7d_861,AC
143_7d_862,AC
143_7d_863,AC
143_7d_864,AC
143_7d_866,AC
143_7d_867,AC
143_7d_868,AC
143_7d_869,AC
143_7d_870,AC
143_7d_871,AC
143_7d_872,MES
143_7d_873,AC
143_7d_874,AC
143_7d_875,AC
143_7d_876,AC
143_7d_877,AC
143_7d_879,AC
143_7d_880,AC
143_7d_881,AC
143_7d_882,AC
143_7d_883,AC
143_7d_884,AC
143_7d_885,AC
143_7d_886,AC
143_7d_887,MES
143_7d_888,AC
143_7d_889,AC
143_7d_890,AC
143_7d_892,AC
143_7d_893,AC
143_7d_895,MES
143_7d_896,AC
143_7d_897,AC
143_7d_898,AC
143_7d_899,AC
143_7d_900,AC
143_7d_901,AC
143_7d_904,AC
143_7d_905,AC
143_7d_906,MES
143_7d_907,AC
143_7d_908,AC
143_7d_909,AC
143_7d_910,AC
143_7d_911,AC
143_7d_912,AC
143_7d_913,AC
143_7d_914,AC
143_7d_916,AC
143_7d_917,AC
143_7d_918,AC
143_7d_919,AC
143_7d_921,AC
143_7d_922,AC
143_7d_923,AC
143_7d_924,AC
143_7d_925,AC
143_7d_926,AC
143_7d_927,MES
143_7d_928,AC
143_7d_929,AC
143_7d_930,AC
143_7d_931,AC
143_7d_932,AC
143_7d_933,AC
143_7d_934,AC
143_7d_935,AC
143_7d_936,AC
143_7d_937,AC
143_7d_938,AC
143_7d_939,AC
143_7d_940,AC
143_7d_941,AC
143_7d_942,AC
143_7d_943,AC
143_7d_944,MES
143_7d_945,AC
143_7d_946,AC
143_7d_947,MES
143_7d_948,AC
143_7d_949,AC
143_7d_950,MES
143_7d_951,AC
143_7d_952,NPC
143_7d_953,MES
143_7d_954,AC
143_7d_955,AC
143_7d_956,AC
143_7d_957,AC
143_7d_958,AC
143_7d_959,AC
143_7d_960,AC
143_7d_961,AC
143_7d_962,AC
143_7d_963,AC
143_7d_964,AC
143_7d_966,AC
143_7d_967,MES
143_7d_969,AC
143_7d_970,AC
143_7d_971,AC
143_7d_972,AC
143_7d_973,AC
143_7d_974,AC
143_7d_975,AC
143_7d_976,AC
143_7d_977,MES
143_7d_978,AC
143_7d_979,AC
143_7d_980,AC
143_7d_981,AC
143_7d_982,AC
143_7d_983,AC
143_7d_984,MES
143_7d_985,AC
143_7d_986,AC
143_7d_987,AC
143_7d_988,AC
143_7d_989,AC
143_7d_990,AC
143_7d_992,AC
143_7d_994,MES
143_7d_995,AC
143_7d_996,MES
143_7d_997,AC
143_7d_998,MES
143_7d_999,AC
143_7d_1000,AC
143_7d_1001,AC
143_7d_1002,AC
143_7d_1003,AC
143_7d_1004,AC
143_7d_1005,AC
143_7d_1006,AC
143_7d_1007,AC
143_7d_1008,AC
143_7d_1009,AC
143_7d_1010,MES
143_7d_1011,AC
143_7d_1012,AC
143_7d_1014,AC
143_7d_1015,AC
143_7d_1016,AC
143_7d_1017,AC
143_7d_1018,AC
143_7d_1019,MES
143_7d_1020,AC
143_7d_1021,MES
143_7d_1022,AC
143_7d_1023,AC
143_7d_1024,AC
143_7d_1025,AC
143_7d_1026,AC
143_7d_1027,MES
143_7d_1028,AC
143_7d_1029,AC
143_7d_1030,AC
143_7d_1031,AC
143_7d_1032,AC
143_7d_1033,MES
143_7d_1034,MES
143_7d_1035,AC
143_7d_1036,AC
143_7d_1038,AC
143_7d_1039,AC
143_7d_1040,AC
143_7d_1041,MES
143_7d_1042,AC
143_7d_1043,AC
143_7d_1044,AC
143_7d_1045,AC
143_7d_1046,MES
143_7d_1047,AC
143_7d_1048,AC
143_7d_1049,AC
143_7d_1050,AC
143_7d_1051,AC
143_7d_1053,AC
143_7d_1054,AC
143_7d_1055,MES
143_7d_1056,AC
143_7d_1057,AC
143_7d_1058,AC
143_7d_1061,AC
143_7d_1062,AC
143_7d_1063,AC
143_7d_1065,AC
143_7d_1066,AC
143_7d_1067,AC
143_7d_1068,AC
143_7d_1069,AC
143_7d_1070,AC
143_7d_1071,AC
143_7d_1072,AC
143_7d_1074,MES
143_7d_1075,AC
143_7d_1076,AC
143_7d_1077,AC
143_7d_1078,AC
143_7d_1079,AC
143_7d_1080,AC
143_7d_1081,AC
143_7d_1082,AC
143_7d_1083,AC
143_7d_1084,AC
143_7d_1087,AC
143_7d_1088,AC
143_7d_1089,AC
143_7d_1090,AC
143_7d_1091,AC
143_7d_1092,AC
143_7d_1093,AC
143_7d_1094,AC
143_7d_1095,MES
143_7d_1096,AC
143_7d_1097,MES
143_7d_1098,AC
143_7d_1099,AC
143_7d_1101,AC
143_7d_1102,AC
143_7d_1103,AC
143_7d_1104,AC
143_7d_1105,AC
143_7d_1106,MES
143_7d_1107,AC
143_7d_1108,MES
143_7d_1109,MES
143_7d_1110,AC
143_7d_1111,MES
143_7d_1112,MES
143_7d_1113,AC
143_7d_1114,AC
143_7d_1115,AC
143_7d_1116,AC
143_7d_1117,AC
143_7d_1118,MES
143_7d_1119,AC
143_7d_1121,AC
143_7d_1123,AC
143_7d_1124,MES
143_7d_1126,AC
143_7d_1128,AC
143_7d_1129,AC
143_7d_1130,AC
143_7d_1131,AC
143_7d_1132,AC
143_7d_1133,AC
143_7d_1134,AC
143_7d_1135,AC
143_7d_1136,AC
143_7d_1137,AC
143_7d_1138,AC
143_7d_1139,AC
143_7d_1140,AC
143_7d_1141,AC
143_7d_1142,AC
143_7d_1143,AC
143_7d_1144,AC
143_7d_1146,AC
143_7d_1147,AC
143_7d_1148,MES
143_7d_1149,AC
143_7d_1150,AC
143_7d_1151,AC
143_7d_1152,AC
143_7d_1153,AC
143_7d_1154,AC
143_7d_1155,MES
143_7d_1156,AC
143_7d_1157,AC
143_7d_1158,AC
143_7d_1159,AC
143_7d_1160,AC
143_7d_1161,AC
143_7d_1163,AC
143_7d_1164,AC
143_7d_1165,AC
143_7d_1166,AC
143_7d_1169,MES
143_7d_1170,AC
143_7d_1171,AC
143_7d_1172,AC
143_7d_1173,AC
143_7d_1174,AC
143_7d_1175,AC
143_7d_1176,AC
143_7d_1177,AC
143_7d_1178,AC
143_7d_1179,MES
143_7d_1180,AC
143_7d_1181,AC
143_7d_1182,AC
143_7d_1184,AC
143_7d_1185,AC
143_7d_1187,AC
143_7d_1188,AC
143_7d_1189,AC
143_7d_1190,MES
143_7d_1191,AC
143_7d_1192,AC
143_7d_1194,AC
143_7d_1195,AC
143_7d_1196,AC
143_7d_1197,AC
143_7d_1198,AC
143_7d_1199,AC
143_7d_1201,AC
143_7d_1202,MES
143_7d_1203,AC
143_7d_1204,MES
143_7d_1205,AC
143_7d_1206,MES
143_7d_1207,AC
143_7d_1208,NPC
143_7d_1209,AC
143_7d_1210,NPC
143_7d_1211,AC
143_7d_1212,AC
143_7d_1213,AC
143_7d_1214,AC
143_7d_1215,AC
143_7d_1216,AC
143_7d_1217,AC
143_7d_1218,AC
143_7d_1219,AC
143_7d_1220,AC
143_7d_1221,AC
143_7d_1222,AC
143_7d_1223,AC
143_7d_1224,AC
143_7d_1225,AC
143_7d_1226,AC
143_7d_1227,AC
143_7d_1230,AC
143_7d_1231,AC
143_7d_1232,AC
143_7d_1234,AC
143_7d_1235,AC
143_7d_1236,AC
143_7d_1237,AC
143_7d_1238,AC
143_7d_1239,MES
143_7d_1240,AC
143_7d_1241,AC
143_7d_1242,AC
143_7d_1243,AC
143_7d_1244,AC
143_7d_1245,MES
143_7d_1246,AC
143_7d_1247,AC
143_7d_1248,AC
143_7d_1249,AC
143_7d_1250,AC
143_7d_1251,AC
143_7d_1252,AC
143_7d_1253,AC
143_7d_1254,AC
143_7d_1255,MES
143_7d_1256,AC
143_7d_1257,AC
143_7d_1258,AC
143_7d_1260,MES
143_7d_1261,AC
143_7d_1262,AC
143_7d_1263,AC
143_7d_1264,AC
143_7d_1265,MES
143_7d_1266,AC
143_7d_1267,AC
143_7d_1268,MES
143_7d_1269,AC
143_7d_1270,AC
143_7d_1272,MES
143_7d_1273,AC
143_7d_1274,AC
143_7d_1276,AC
143_7d_1277,AC
143_7d_1278,AC
143_7d_1279,AC
143_7d_1280,AC
143_7d_1281,AC
143_7d_1282,AC
143_7d_1283,AC
143_7d_1284,MES
143_7d_1285,AC
143_7d_1286,AC
143_7d_1287,AC
143_7d_1288,AC
143_7d_1289,AC
143_7d_1291,AC
143_7d_1292,AC
143_7d_1293,AC
143_7d_1294,MES
143_7d_1295,MES
143_7d_1296,AC
143_7d_1297,AC
143_7d_1298,AC
143_7d_1299,AC
143_7d_1300,AC
143_7d_1301,AC
143_7d_1302,MES
143_7d_1303,AC
143_7d_1304,AC
143_7d_1305,AC
143_7d_1306,AC
143_7d_1308,AC
143_7d_1309,AC
143_7d_1310,AC
143_7d_1311,AC
143_7d_1312,AC
143_7d_1313,AC
143_7d_1314,AC
143_7d_1315,AC
143_7d_1316,AC
143_7d_1317,AC
143_7d_1318,AC
143_7d_1320,MES
143_7d_1321,AC
143_7d_1322,AC
143_7d_1323,AC
143_7d_1324,AC
143_7d_1325,MES
143_7d_1326,AC
143_7d_1327,AC
143_7d_1328,AC
143_7d_1329,AC
143_7d_1330,AC
143_7d_1331,MES
143_7d_1332,AC
143_7d_1333,MES
143_7d_1334,AC
143_7d_1335,AC
143_7d_1336,AC
143_7d_1337,AC
143_7d_1339,AC
143_7d_1340,AC
143_7d_1341,AC
143_7d_1342,AC
143_7d_1343,AC
143_7d_1344,AC
143_7d_1345,AC
143_7d_1346,AC
143_7d_1347,AC
143_7d_1348,AC
143_7d_1349,AC
143_7d_1350,AC
143_7d_1351,MES
143_7d_1352,NPC
143_7d_1353,AC
143_7d_1354,AC
143_7d_1355,AC
143_7d_1356,AC
143_7d_1357,AC
143_7d_1358,AC
143_7d_1359,AC
143_7d_1360,AC
143_7d_1361,MES
143_7d_1362,MES
143_7d_1363,AC
143_7d_1364,AC
143_7d_1365,AC
143_7d_1366,AC
143_7d_1369,AC
143_7d_1370,AC
143_7d_1371,AC
143_7d_1372,AC
143_7d_1373,AC
143_7d_1374,AC
143_7d_1375,AC
143_7d_1376,AC
143_7d_1377,MES
143_7d_1378,AC
143_7d_1379,AC
143_7d_1380,AC
143_7d_1381,AC
143_7d_1382,MES
143_7d_1383,MES
143_7d_1384,AC
143_7d_1385,AC
143_7d_1386,AC
143_7d_1388,AC
143_7d_1389,MES
143_7d_1390,AC
143_7d_1391,AC
143_7d_1393,AC
143_7d_1394,AC
143_7d_1395,AC
143_7d_1396,AC
143_7d_1397,AC
143_7d_1398,AC
143_7d_1399,MES
143_7d_1400,AC
143_7d_1401,AC
143_7d_1402,AC
143_7d_1403,AC
143_7d_1404,AC
143_7d_1405,AC
143_7d_1406,MES
143_7d_1407,AC
143_7d_1408,AC
143_7d_1409,AC
143_7d_1410,AC
143_7d_1411,AC
143_7d_1412,AC
143_7d_1413,AC
143_7d_1414,AC
143_7d_1415,AC
143_7d_1417,AC
143_7d_1418,AC
143_7d_1419,AC
143_7d_1420,AC
143_7d_1421,AC
143_7d_1422,MES
143_7d_1423,AC
143_7d_1424,AC
143_7d_1425,AC
143_7d_1426,AC
143_7d_1427,AC
143_7d_1428,AC
143_7d_1429,AC
143_7d_1431,AC
143_7d_1432,AC
143_7d_1434,AC
143_7d_1435,AC
143_7d_1436,AC
143_7d_1437,AC
143_7d_1438,AC
143_7d_1439,MES
143_7d_1440,AC
143_7d_1441,AC
143_7d_1442,AC
143_7d_1443,AC
143_7d_1444,AC
143_7d_1445,AC
143_7d_1446,AC
143_7d_1448,AC
143_7d_1449,AC
143_7d_1450,AC
143_7d_1451,AC
143_7d_1452,AC
143_7d_1453,AC
143_7d_1454,MES
143_7d_1455,AC
143_7d_1456,AC
143_7d_1457,AC
143_7d_1458,AC
143_7d_1459,AC
143_7d_1460,AC
143_7d_1461,AC
143_7d_1462,AC
143_7d_1463,AC
143_7d_1464,AC
143_7d_1465,AC
143_7d_1466,AC
143_7d_1467,AC
143_7d_1468,MES
143_7d_1469,AC
143_7d_1471,AC
143_7d_1472,MES
143_7d_1473,MES
143_7d_1474,AC
143_7d_1475,AC
143_7d_1476,AC
143_7d_1478,AC
143_7d_1479,AC
143_7d_1481,AC
143_7d_1482,AC
143_7d_1483,AC
143_7d_1484,AC
143_7d_1485,AC
143_7d_1486,AC
143_7d_1487,AC
143_7d_1488,AC
143_7d_1489,MES
143_7d_1490,AC
143_7d_1491,AC
143_7d_1492,AC
143_7d_1493,AC
143_7d_1495,AC
143_7d_1496,AC
143_7d_1497,AC
143_7d_1498,AC
143_7d_1499,MES
143_7d_1500,AC
143_7d_1501,AC
143_7d_1502,AC
143_7d_1503,AC
143_7d_1504,AC
143_7d_1505,AC
143_7d_1506,AC
143_7d_1507,AC
143_7d_1509,AC
143_7d_1510,AC
143_7d_1511,AC
143_7d_1512,AC
143_7d_1513,AC
143_7d_1514,AC
143_7d_1515,AC
143_7d_1516,MES
143_7d_1517,AC
143_7d_1518,MES
143_7d_1519,AC
143_7d_1520,AC
143_7d_1521,AC
143_7d_1522,AC
143_7d_1523,AC
143_7d_1524,MES
143_7d_1526,AC
143_7d_1527,AC
143_7d_1528,AC
143_7d_1529,AC
143_7d_1530,AC
143_7d_1531,AC
143_7d_1532,AC
143_7d_1533,MES
143_7d_1534,AC
143_7d_1535,AC
143_7d_1536,AC
143_7d_1537,AC
143_7d_1538,AC
143_7d_1539,AC
143_7d_1540,AC
143_7d_1541,AC
143_7d_1542,AC
143_7d_1543,MES
143_7d_1544,AC
143_7d_1546,AC
143_7d_1547,AC
143_7d_1548,AC
143_7d_1549,AC
143_7d_1551,MES
143_7d_1552,AC
143_7d_1553,AC
143_7d_1554,AC
143_7d_1555,MES
143_7d_1557,AC
143_7d_1559,AC
143_7d_1560,AC
143_7d_1561,AC
143_7d_1562,AC
143_7d_1563,AC
143_7d_1564,AC
143_7d_1565,AC
143_7d_1566,AC
143_7d_1567,AC
143_7d_1568,AC
143_7d_1569,AC
143_7d_1570,MES
143_7d_1571,MES
143_7d_1572,AC
143_7d_1573,AC
143_7d_1574,AC
143_7d_1575,AC
143_7d_1576,AC
143_7d_1577,AC
143_7d_1578,AC
143_7d_1579,AC
143_7d_1580,AC
143_7d_1583,MES
143_7d_1584,AC
143_7d_1586,AC
143_7d_1587,AC
143_7d_1590,AC
143_7d_1591,AC
143_7d_1592,AC
143_7d_1593,AC
143_7d_1594,AC
143_7d_1595,AC
143_7d_1596,AC
143_7d_1597,AC
143_7d_1598,AC
143_7d_1599,AC
143_7d_1600,AC
143_7d_1601,MES
143_7d_1602,AC
143_7d_1603,AC
143_7d_1604,AC
143_7d_1605,AC
143_7d_1606,MES
143_7d_1607,AC
143_7d_1608,AC
143_7d_1609,MES
143_7d_1610,AC
143_7d_1611,AC
143_7d_1612,AC
143_7d_1614,AC
143_7d_1616,AC
143_7d_1617,AC
143_7d_1618,AC
143_7d_1619,AC
143_7d_1620,AC
143_7d_1621,AC
143_7d_1622,AC
143_7d_1623,AC
143_7d_1624,MES
143_7d_1625,AC
143_7d_1626,MES
143_7d_1627,AC
143_7d_1628,AC
143_7d_1629,AC
143_7d_1630,AC
143_7d_1631,AC
143_7d_1632,AC
143_7d_1633,AC
143_7d_1634,AC
143_7d_1635,AC
143_7d_1636,AC
143_7d_1637,AC
143_7d_1638,AC
143_7d_1639,MES
143_7d_1640,AC
143_7d_1641,AC
143_7d_1642,AC
143_7d_1643,AC
143_7d_1644,AC
143_7d_1645,AC
143_7d_1646,AC
143_7d_1647,AC
143_7d_1648,AC
143_7d_1649,AC
143_7d_1650,AC
143_7d_1651,AC
143_7d_1653,AC
143_7d_1654,AC
143_7d_1655,AC
143_7d_1656,AC
143_7d_1657,AC
143_7d_1658,MES
143_7d_1659,AC
143_7d_1660,AC
143_7d_1662,MES
143_7d_1663,AC
143_7d_1664,AC
143_7d_1665,AC
143_7d_1666,AC
143_7d_1667,AC
143_7d_1668,AC
143_7d_1670,AC
143_7d_1671,AC
143_7d_1672,MES
143_7d_1673,AC
143_7d_1674,AC
143_7d_1675,AC
143_7d_1676,AC
143_7d_1677,AC
143_7d_1678,AC
143_7d_1679,AC
143_7d_1680,AC
143_7d_1681,AC
143_7d_1683,AC
143_7d_1684,AC
143_7d_1685,AC
143_7d_1686,AC
143_7d_1687,AC
143_7d_1688,AC
143_7d_1689,AC
143_7d_1690,AC
143_7d_1691,AC
143_7d_1692,AC
143_7d_1693,AC
143_7d_1694,AC
143_7d_1695,MES
143_7d_1696,AC
143_7d_1697,AC
143_7d_1698,AC
143_7d_1699,AC
143_7d_1700,AC
143_7d_1702,AC
143_7d_1703,AC
143_7d_1704,MES
143_7d_1705,AC
143_7d_1706,AC
143_7d_1707,AC
143_7d_1708,AC
143_7d_1709,AC
143_7d_1710,AC
143_7d_1711,AC
143_7d_1712,AC
143_7d_1713,AC
143_7d_1714,AC
143_7d_1716,AC
143_7d_1717,AC
143_7d_1718,AC
143_7d_1719,AC
143_7d_1720,AC
143_7d_1721,AC
143_7d_1722,AC
143_7d_1723,AC
143_7d_1724,AC
143_7d_1725,AC
143_7d_1726,AC
143_7d_1727,AC
143_7d_1728,AC
143_7d_1729,AC
143_7d_1730,AC
143_7d_1731,AC
143_7d_1732,AC
143_7d_1733,AC
143_7d_1735,AC
143_7d_1736,AC
143_7d_1737,AC
143_7d_1738,AC
143_7d_1739,AC
143_7d_1740,AC
143_7d_1742,AC
143_7d_1743,AC
143_7d_1744,AC
143_7d_1745,AC
143_7d_1746,AC
143_7d_1747,AC
143_7d_1748,AC
143_7d_1749,AC
143_7d_1750,MES
143_7d_1751,AC
143_7d_1752,AC
143_7d_1753,AC
143_7d_1754,AC
143_7d_1755,AC
143_7d_1756,AC
143_7d_1759,AC
143_7d_1760,MES
143_7d_1761,AC
143_7d_1762,AC
143_7d_1763,AC
143_7d_1764,AC
143_7d_1765,AC
143_7d_1766,AC
143_7d_1768,AC
143_7d_1769,AC
143_7d_1770,MES
143_7d_1771,AC
143_7d_1772,AC
143_7d_1773,MES
143_7d_1774,AC
143_7d_1775,AC
143_7d_1776,AC
143_7d_1777,AC
143_7d_1778,AC
143_7d_1779,AC
143_7d_1780,AC
143_7d_1781,AC
143_7d_1782,AC
143_7d_1783,AC
143_7d_1784,AC
143_7d_1785,AC
143_7d_1786,AC
143_7d_1787,AC
143_7d_1788,AC
143_7d_1789,AC
143_7d_1791,AC
143_7d_1792,AC
143_7d_1793,AC
143_7d_1794,AC
143_7d_1795,MES
143_7d_1796,AC
143_7d_1797,AC
143_7d_1798,MES
143_7d_1799,AC
143_7d_1800,AC
143_7d_1801,AC
143_7d_1802,AC
143_7d_1803,AC
143_7d_1804,AC
143_7d_1805,AC
143_7d_1806,AC
143_7d_1807,AC
143_7d_1808,AC
143_7d_1809,AC
143_7d_1810,AC
143_7d_1811,AC
143_7d_1812,AC
143_7d_1813,AC
143_7d_1814,AC
143_7d_1815,AC
143_7d_1816,AC
143_7d_1818,AC
143_7d_1819,AC
143_7d_1820,AC
143_7d_1821,AC
143_7d_1822,AC
143_7d_1823,MES
143_7d_1824,AC
143_7d_1825,AC
143_7d_1826,AC
143_7d_1827,AC
143_7d_1828,AC
143_7d_1829,AC
143_7d_1830,AC
143_7d_1831,NPC
143_7d_1832,AC
143_7d_1833,AC
143_7d_1834,MES
143_7d_1835,MES
143_7d_1836,MES
143_7d_1837,AC
143_7d_1839,MES
143_7d_1840,AC
143_7d_1841,AC
143_7d_1842,MES
143_7d_1843,MES
143_7d_1844,AC
143_7d_1845,AC
143_7d_1846,AC
143_7d_1847,AC
143_7d_1849,AC
143_7d_1850,AC
143_7d_1851,AC
143_7d_1852,AC
143_7d_1853,AC
143_7d_1854,AC
143_7d_1855,AC
143_7d_1856,AC
143_7d_1857,AC
143_7d_1858,AC
143_7d_1860,AC
143_7d_1861,NPC
143_7d_1862,AC
143_7d_1863,AC
143_7d_1864,AC
143_7d_1865,AC
143_7d_1866,AC
143_7d_1867,AC
143_7d_1868,AC
143_7d_1869,AC
143_7d_1870,AC
143_7d_1871,AC
143_7d_1872,AC
143_7d_1873,AC
143_7d_1874,AC
143_7d_1875,AC
143_7d_1876,AC
143_7d_1877,MES
143_7d_1878,AC
143_7d_1879,AC
143_7d_1881,AC
143_7d_1882,AC
143_7d_1883,MES
143_7d_1885,MES
143_7d_1886,AC
143_7d_1887,AC
143_7d_1888,AC
143_7d_1889,AC
143_7d_1890,AC
143_7d_1891,AC
143_7d_1892,AC
143_7d_1893,AC
143_7d_1894,AC
143_7d_1895,AC
143_7d_1896,AC
143_7d_1897,AC
143_7d_1898,AC
143_7d_1899,AC
143_7d_1900,AC
143_7d_1901,AC
143_7d_1902,AC
143_7d_1903,AC
143_7d_1904,AC
143_7d_1905,AC
143_7d_1906,AC
143_7d_1907,AC
143_7d_1908,AC
143_7d_1909,AC
143_7d_1910,AC
143_7d_1911,MES
143_7d_1912,AC
143_7d_1913,AC
143_7d_1915,AC
143_7d_1916,AC
143_7d_1917,AC
143_7d_1918,AC
143_7d_1920,AC
143_7d_1921,AC
143_7d_1922,AC
143_7d_1923,AC
143_7d_1924,AC
143_7d_1925,AC
143_7d_1926,MES
143_7d_1927,MES
143_7d_1928,AC
143_7d_1929,AC
143_7d_1930,AC
143_7d_1931,AC
143_7d_1932,AC
143_7d_1933,AC
143_7d_1934,AC
143_7d_1936,MES
143_7d_1937,AC
143_7d_1938,AC
143_7d_1939,AC
143_7d_1940,MES
143_7d_1941,AC
143_7d_1942,AC
143_7d_1943,AC
143_7d_1944,AC
143_7d_1945,AC
143_7d_1946,AC
143_7d_1947,AC
143_7d_1948,AC
143_7d_1949,AC
143_7d_1951,AC
143_7d_1952,AC
143_7d_1953,AC
143_7d_1954,AC
143_7d_1955,AC
143_7d_1956,AC
143_7d_1957,AC
143_7d_1959,AC
143_7d_1960,AC
143_7d_1961,AC
143_7d_1962,AC
143_7d_1963,AC
143_7d_1964,AC
143_7d_1965,AC
143_7d_1966,AC
143_7d_1967,AC
143_7d_1968,AC
143_7d_1969,AC
143_7d_1970,AC
143_7d_1971,AC
143_7d_1972,AC
143_7d_1973,AC
143_7d_1974,MES
143_7d_1976,AC
143_7d_1977,AC
143_7d_1978,AC
143_7d_1980,AC
143_7d_1982,AC
143_7d_1983,AC
143_7d_1984,AC
143_7d_1985,AC
143_7d_1986,MES
143_7d_1987,AC
143_7d_1988,AC
143_7d_1989,AC
143_7d_1990,AC
143_7d_1991,MES
143_7d_1992,AC
143_7d_1993,AC
143_7d_1994,AC
143_7d_1995,AC
143_7d_1996,AC
143_7d_1997,AC
143_7d_1998,AC
143_7d_1999,AC
143_7d_2000,AC
143_7d_2001,MES
143_7d_2002,AC
143_7d_2003,AC
143_7d_2004,AC
143_7d_2005,AC
143_7d_2006,AC
143_7d_2007,MES
143_7d_2008,MES
143_7d_2009,AC
143_7d_2010,MES
143_7d_2011,AC
143_7d_2012,AC
143_7d_2013,AC
143_7d_2014,AC
143_7d_2015,MES
143_7d_2016,AC
143_7d_2017,AC
143_7d_2018,MES
143_7d_2019,AC
143_7d_2020,AC
143_7d_2021,AC
143_7d_2022,MES
143_7d_2023,AC
143_7d_2024,AC
143_7d_2025,AC
143_7d_2026,AC
143_7d_2027,AC
143_7d_2028,AC
143_7d_2029,AC
143_7d_2030,AC
143_7d_2031,AC
143_7d_2032,AC
143_7d_2033,AC
143_7d_2034,AC
143_7d_2035,AC
143_7d_2036,MES
143_7d_2037,AC
143_7d_2039,AC
143_7d_2040,AC
143_7d_2041,AC
143_7d_2042,AC
143_7d_2043,AC
143_7d_2044,AC
143_7d_2045,AC
143_7d_2046,AC
143_7d_2047,AC
143_7d_2048,AC
143_7d_2049,AC
143_7d_2050,AC
143_7d_2052,AC
143_7d_2053,AC
143_7d_2054,AC
143_7d_2055,MES
143_7d_2056,AC
143_7d_2057,AC
143_7d_2058,MES
143_7d_2059,AC
143_7d_2060,AC
143_7d_2061,AC
143_7d_2062,AC
143_7d_2063,AC
143_7d_2064,AC
143_7d_2065,AC
143_7d_2066,MES
143_7d_2067,AC
143_7d_2068,AC
143_7d_2069,AC
143_7d_2070,AC
143_7d_2071,AC
143_7d_2072,AC
143_7d_2073,AC
143_7d_2075,AC
143_7d_2076,AC
143_7d_2077,AC
143_7d_2078,AC
143_7d_2079,AC
143_7d_2080,AC
143_7d_2081,AC
143_7d_2082,AC
143_7d_2083,AC
143_7d_2084,MES
143_7d_2086,AC
143_7d_2087,MES
143_7d_2088,AC
143_7d_2089,AC
143_7d_2090,AC
143_7d_2092,AC
143_7d_2093,AC
143_7d_2094,AC
143_7d_2095,MES
143_7d_2096,AC
143_7d_2097,AC
143_7d_2098,MES
143_7d_2099,MES
143_7d_2100,AC
143_7d_2101,AC
143_7d_2102,AC
143_7d_2103,AC
143_7d_2104,AC
143_7d_2105,AC
143_7d_2106,AC
143_7d_2107,AC
143_7d_2108,AC
143_7d_2109,AC
143_7d_2110,MES
143_7d_2111,MES
143_7d_2112,AC
143_7d_2113,AC
143_7d_2114,AC
143_7d_2115,AC
143_7d_2116,MES
143_7d_2117,AC
143_7d_2118,AC
143_7d_2119,AC
143_7d_2120,AC
143_7d_2121,AC
143_7d_2122,MES
143_7d_2124,AC
143_7d_2126,AC
143_7d_2127,AC
143_7d_2128,AC
143_7d_2129,AC
143_7d_2130,AC
143_7d_2131,AC
143_7d_2132,AC
143_7d_2133,AC
143_7d_2134,AC
143_7d_2136,AC
143_7d_2137,AC
143_7d_2138,AC
143_7d_2140,AC
143_7d_2141,AC
143_7d_2142,AC
143_7d_2143,AC
143_7d_2144,AC
143_7d_2145,MES
143_7d_2146,AC
143_7d_2147,AC
143_7d_2148,AC
143_7d_2149,AC
143_7d_2150,AC
143_7d_2151,AC
143_7d_2152,AC
143_7d_2153,AC
143_7d_2154,AC
143_7d_2155,AC
143_7d_2158,AC
143_7d_2159,AC
143_7d_2160,AC
143_7d_2161,AC
143_7d_2163,AC
143_7d_2164,AC
143_7d_2166,MES
143_7d_2167,AC
143_7d_2168,AC
143_7d_2169,AC
143_7d_2170,AC
143_7d_2172,AC
143_7d_2173,AC
143_7d_2174,AC
143_7d_2175,AC
143_7d_2177,MES
143_7d_2178,AC
143_7d_2179,AC
143_7d_2180,AC
143_7d_2181,AC
143_7d_2182,AC
143_7d_2183,AC
143_7d_2184,MES
143_7d_2185,AC
143_7d_2186,AC
143_7d_2187,AC
143_7d_2188,AC
143_7d_2189,MES
143_7d_2190,AC
143_7d_2191,AC
143_7d_2192,AC
143_7d_2193,AC
143_7d_2194,AC
143_7d_2195,AC
143_7d_2196,AC
143_7d_2197,AC
143_7d_2198,AC
143_7d_2199,AC
143_7d_2201,AC
143_7d_2202,AC
143_7d_2203,AC
143_7d_2204,AC
143_7d_2205,AC
143_7d_2206,AC
143_7d_2207,AC
143_7d_2208,MES
143_7d_2209,AC
143_7d_2211,AC
143_7d_2212,AC
143_7d_2213,AC
143_7d_2214,AC
143_7d_2215,AC
143_7d_2216,AC
143_7d_2217,AC
143_7d_2218,AC
143_7d_2219,AC
143_7d_2220,AC
143_7d_2221,MES
143_7d_2222,AC
143_7d_2223,AC
143_7d_2224,AC
143_7d_2225,AC
143_7d_2226,AC
143_7d_2227,AC
143_7d_2228,AC
143_7d_2229,NPC
143_7d_2230,AC
143_7d_2232,AC
143_7d_2233,AC
143_7d_2234,AC
143_7d_2235,AC
143_7d_2236,AC
143_7d_2237,AC
143_7d_2238,MES
143_7d_2239,AC
143_7d_2240,AC
143_7d_2241,MES
143_7d_2242,AC
143_7d_2243,AC
143_7d_2244,MES
143_7d_2245,AC
143_7d_2246,AC
143_7d_2247,AC
143_7d_2249,AC
143_7d_2250,AC
143_7d_2251,AC
143_7d_2252,AC
143_7d_2253,AC
143_7d_2254,AC
143_7d_2256,AC
143_7d_2257,MES
143_7d_2258,AC
143_7d_2259,AC
143_7d_2260,AC
143_7d_2261,AC
143_7d_2262,AC
143_7d_2263,AC
143_7d_2264,MES
143_7d_2265,AC
143_7d_2266,AC
143_7d_2267,AC
143_7d_2268,AC
143_7d_2269,AC
143_7d_2270,AC
143_7d_2271,AC
143_7d_2272,AC
143_7d_2273,AC
143_7d_2274,AC
143_7d_2275,AC
143_7d_2277,AC
143_7d_2278,AC
143_7d_2279,AC
143_7d_2280,AC
143_7d_2281,AC
143_7d_2282,MES
143_7d_2283,AC
143_7d_2284,AC
143_7d_2285,AC
143_7d_2287,AC
143_7d_2288,AC
143_7d_2289,MES
143_7d_2290,AC
143_7d_2291,AC
143_7d_2292,AC
143_7d_2293,AC
143_7d_2294,AC
143_7d_2295,AC
143_7d_2296,AC
143_7d_2297,AC
143_7d_2298,MES
143_7d_2299,AC
143_7d_2300,AC
143_7d_2301,AC
143_7d_2302,MES
143_7d_2303,AC
143_7d_2304,AC
143_7d_2305,AC
143_7d_2306,AC
143_7d_2307,AC
143_7d_2308,AC
143_7d_2309,AC
143_7d_2310,MES
143_7d_2311,AC
143_7d_2312,AC
143_7d_2313,AC
143_7d_2314,MES
143_7d_2315,AC
143_7d_2316,AC
143_7d_2317,AC
143_7d_2318,AC
143_7d_2319,AC
143_7d_2321,AC
143_7d_2322,AC
143_7d_2323,AC
143_7d_2324,MES
143_7d_2325,AC
143_7d_2326,AC
143_7d_2327,MES
143_7d_2328,AC
143_7d_2329,AC
143_7d_2330,MES
143_7d_2331,AC
143_7d_2332,AC
143_7d_2333,AC
143_7d_2334,AC
143_7d_2335,AC
143_7d_2336,MES
143_7d_2337,AC
143_7d_2338,AC
143_7d_2340,AC
143_7d_2341,AC
143_7d_2342,AC
143_7d_2343,AC
143_7d_2344,AC
105A_3,MES
105A_5,MES
105A_6,MES
105A_12,AC
105A_13,AC
105A_15,MES
105A_17,AC
105A_25,AC
105A_38,AC
105A_39,MES
105A_45,MES
105A_46,AC
105A_49,MES
105A_50,MES
105A_55,AC
105A_58,MES
105A_65,MES
105A_66,MES
105A_68,AC
105A_70,MES
105A_71,MES
105A_73,MES
105A_77,AC
105A_81,MES
105A_82,MES
105A_83,MES
105A_86,MES
105A_87,MES
105A_88,AC
105A_90,AC
105A_91,AC
105A_95,MES
105A_101,MES
105A_102,MES
105A_103,MES
105A_106,MES
105A_107,MES
105A_109,MES
105A_114,MES
105A_115,MES
105A_121,AC
105A_124,MES
105A_125,MES
105A_126,MES
105A_127,MES
105A_128,AC
105A_129,MES
105A_133,MES
105A_134,AC
105A_136,AC
105A_137,AC
105A_139,MES
105A_143,AC
105A_149,AC
105A_153,MES
105A_154,AC
105A_155,AC
105A_156,AC
105A_157,MES
105A_163,MES
105A_164,AC
105A_165,MES
105A_170,MES
105A_179,AC
105A_180,MES
105A_183,MES
105A_185,AC
105A_195,AC
105A_197,MES
105A_202,MES
105A_208,MES
105A_210,MES
105A_211,AC
105A_212,MES
105A_217,AC
105A_229,MES
105A_234,AC
105A_236,MES
105A_241,MES
105A_245,AC
105A_247,MES
105A_250,AC
105A_252,AC
105A_254,AC
105A_259,AC
105A_260,AC
105A_263,MES
105A_266,MES
105A_271,MES
105A_273,MES
105A_274,AC
105A_278,MES
105A_281,AC
105A_282,MES
105A_288,MES
105A_290,AC
105A_293,MES
105A_303,AC
105A_306,AC
105A_308,MES
105A_311,MES
105A_314,AC
105A_316,AC
105A_319,AC
105A_322,MES
105A_336,AC
105A_337,MES
105A_346,AC
105A_351,MES
105A_352,MES
105A_353,MES
105A_354,AC
105A_358,MES
105A_364,MES
105A_365,MES
105A_368,AC
105A_369,MES
105A_370,MES
105A_377,MES
105A_378,MES
105A_379,MES
105A_386,MES
105A_388,MES
105A_390,MES
105A_391,MES
105A_393,AC
105A_395,MES
105A_397,AC
105A_409,MES
105A_415,MES
105A_419,MES
105A_421,AC
105A_422,MES
105A_426,MES
105A_428,AC
105A_442,MES
105A_444,AC
105A_445,MES
105A_457,MES
105A_460,AC
105A_461,AC
105A_462,AC
105A_463,AC
105A_467,AC
105A_468,AC
105A_469,MES
105A_474,MES
105A_475,MES
105A_477,AC
105A_479,MES
105A_483,MES
105A_487,AC
105A_488,MES
105A_489,MES
105A_494,AC
105A_496,MES
105A_497,MES
105A_499,MES
105A_501,AC
105A_506,MES
105A_509,MES
105A_510,AC
105A_511,AC
105A_513,AC
105A_515,MES
105A_521,AC
105A_522,AC
105A_523,MES
105A_526,AC
105A_532,MES
105A_533,AC
105A_534,AC
105A_535,AC
105A_537,MES
105A_538,AC
105A_539,MES
105A_540,AC
105A_545,MES
105A_551,MES
105A_552,MES
105A_563,AC
105A_565,MES
105A_568,AC
105A_570,MES
105A_576,MES
105A_580,MES
105A_588,MES
105A_589,AC
105A_595,MES
105A_596,MES
105A_600,MES
105A_606,MES
105A_607,AC
105A_612,AC
105A_616,MES
105A_617,AC
105A_619,AC
105A_620,MES
105A_626,AC
105A_629,MES
105A_635,MES
105A_637,AC
105A_642,AC
105A_644,MES
105A_651,AC
105A_654,MES
105A_655,MES
105A_657,MES
105A_664,MES
105A_665,MES
105A_666,AC
105A_668,MES
105A_671,AC
105A_672,AC
105A_673,MES
105A_677,MES
105A_678,MES
105A_681,AC
105A_682,MES
105A_684,MES
105A_685,MES
105A_689,MES
105A_691,MES
105A_693,AC
105A_694,AC
105A_700,AC
105A_706,MES
105A_708,MES
105A_709,MES
105A_716,MES
105A_721,MES
105A_722,MES
105A_728,MES
105A_738,MES
105A_739,MES
105A_741,MES
105A_743,MES
105A_745,MES
105A_749,MES
105A_757,MES
105A_759,MES
105A_760,AC
105A_762,MES
105A_764,MES
105A_765,MES
105A_766,MES
105A_775,AC
105A_776,MES
105A_778,AC
105A_780,AC
105A_789,MES
105A_790,MES
105A_791,AC
105A_796,MES
105A_798,AC
105A_799,MES
105A_800,AC
105A_802,MES
105A_806,MES
105A_807,MES
105A_809,MES
105A_813,MES
105A_814,AC
105A_817,MES
105A_820,AC
105A_821,MES
105A_823,AC
105A_825,MES
105A_826,MES
105A_829,MES
105A_834,AC
105A_835,MES
105A_836,AC
105A_838,MES
105A_843,MES
105A_845,MES
105A_848,AC
105A_852,AC
105A_853,MES
105A_857,MES
105A_858,AC
105A_862,MES
105A_863,AC
105A_865,AC
105A_871,AC
105A_876,AC
105A_878,MES
105A_882,MES
105A_888,MES
105A_893,MES
105A_896,MES
105A_903,MES
105A_904,MES
105A_905,AC
105A_906,MES
105A_907,AC
105A_909,MES
105A_921,MES
105A_924,MES
105A_926,MES
105A_931,AC
105A_934,AC
105A_936,MES
105A_937,AC
105A_942,MES
105A_952,MES
105A_955,AC
105A_957,AC
105A_960,AC
105A_963,AC
105A_965,AC
105A_966,MES
105A_971,MES
105A_975,AC
105A_976,MES
105A_984,MES
105A_986,AC
105A_1000,AC
105A_1001,MES
105A_1004,AC
105A_1015,MES
105A_1016,MES
105A_1017,AC
105A_1022,AC
105A_1023,MES
105A_1026,MES
105A_1029,MES
105A_1030,MES
105A_1032,AC
105A_1033,MES
105A_1034,AC
105A_1036,AC
105A_1040,MES
105A_1041,MES
105A_1049,MES
105A_1051,MES
105A_1056,MES
105A_1071,MES
105A_1077,MES
105A_1079,OPC
105A_1080,MES
105A_1083,MES
105A_1085,AC
105A_1090,MES
105A_1093,MES
105A_1101,MES
105A_1102,AC
105A_1104,MES
105A_1108,MES
105A_1110,AC
105A_1112,AC
105A_1114,AC
105A_1117,AC
105A_1120,MES
105A_1123,MES
105A_1126,MES
105A_1130,AC
105A_1137,MES
105A_1140,AC
105A_1141,AC
105A_1142,MES
105A_1151,MES
105A_1152,MES
105A_1153,AC
105A_1155,MES
105A_1156,MES
105A_1157,AC
105A_1161,AC
105A_1163,AC
105A_1164,MES
105A_1167,MES
105A_1170,MES
105A_1172,MES
105A_1185,MES
105A_1186,MES
105A_1187,AC
105A_1188,MES
105A_1191,AC
105A_1200,AC
105A_1207,MES
105A_1210,MES
105A_1213,MES
105A_1217,MES
105A_1219,MES
105A_1221,AC
105A_1223,MES
105A_1225,AC
105A_1226,MES
105A_1228,MES
105A_1229,MES
105A_1230,AC
105A_1233,MES
105A_1237,MES
105A_1242,MES
105A_1243,AC
105A_1249,MES
105A_1250,MES
105A_1252,MES
105A_1253,MES
105A_1255,MES
105A_1259,MES
105A_1263,MES
105A_1265,AC
105A_1267,MES
105A_1276,AC
105A_1278,MES
105A_1281,MES
105A_1283,MES
105A_1284,MES
105A_1286,MES
105A_1288,MES
105A_1289,MES
105A_1292,AC
105A_1294,AC
105A_1295,AC
105A_1298,MES
105A_1300,AC
105A_1301,MES
105A_1302,MES
105A_1305,MES
105A_1309,MES
105A_1310,MES
105A_1313,AC
105A_1315,MES
105A_1317,AC
105A_1318,AC
105A_1322,MES
105A_1323,MES
105A_1324,MES
105A_1332,MES
105A_1333,MES
105A_1334,AC
105A_1336,AC
105A_1341,MES
105A_1346,AC
105A_1350,MES
105A_1353,AC
105A_1355,AC
105A_1357,MES
105A_1380,MES
105A_1386,AC
105A_1389,AC
105A_1398,MES
105A_1403,MES
105A_1406,MES
105A_1408,AC
105A_1409,MES
105A_1410,AC
105A_1411,MES
105A_1413,MES
105A_1414,MES
105A_1416,MES
105A_1419,AC
105A_1422,AC
105A_1428,MES
105A_1429,MES
105A_1432,AC
105A_1434,MES
105A_1435,MES
105A_1437,MES
105A_1446,MES
105A_1447,AC
105A_1449,MES
105A_1450,AC
105A_1458,MES
105A_1459,AC
105A_1460,MES
105A_1464,MES
105A_1468,MES
105A_1471,MES
105A_1480,MES
105A_1483,AC
105A_1487,AC
105A_1491,MES
105A_1496,AC
105A_1498,AC
105A_1499,AC
105A_1502,AC
105A_1504,MES
105A_1508,AC
105A_1512,MES
105A_1516,MES
105A_1520,MES
105A_1521,AC
105A_1522,AC
105A_1523,MES
105A_1527,MES
105A_1529,MES
105A_1535,MES
105A_1540,MES
105A_1548,MES
105A_1549,AC
105A_1550,MES
105A_1551,MES
105A_1555,MES
105A_1560,MES
105A_1561,MES
105A_1563,AC
105A_1569,MES
105A_1571,MES
105A_1572,AC
105A_1575,MES
105A_1577,AC
105A_1579,MES
105A_1581,MES
105A_1583,AC
115_1_1,OPC
115_1_3,AC
115_1_6,AC
115_1_7,AC
115_1_11,MES
115_1_14,AC
115_1_18,AC
115_1_20,AC
115_1_21,AC
115_1_25,MES
115_1_27,MES
115_1_29,AC
115_1_30,AC
115_1_31,AC
115_1_37,AC
115_1_40,AC
115_1_42,AC
115_1_44,MES
115_1_46,MES
115_1_47,AC
115_1_49,MES
115_1_52,AC
115_1_53,AC
115_1_55,AC
115_1_57,AC
115_1_60,MES
115_1_65,AC
115_1_66,AC
115_1_67,AC
115_1_70,MES
115_1_72,MES
115_1_73,AC
115_1_77,AC
115_1_81,AC
115_1_82,AC
115_1_87,AC
115_1_89,AC
115_1_91,AC
115_1_93,AC
115_1_94,MES
115_1_95,AC
115_1_96,MES
115_1_100,AC
115_1_103,AC
115_1_105,AC
115_1_108,AC
115_1_109,AC
115_1_111,AC
115_1_112,AC
115_1_114,AC
115_1_115,AC
115_1_116,AC
115_1_119,AC
115_1_123,AC
115_1_124,AC
115_1_125,AC
115_1_126,AC
115_1_127,AC
115_1_128,MES
115_1_130,MES
115_1_133,AC
115_1_135,AC
115_1_141,AC
115_1_143,AC
115_1_146,AC
115_1_148,AC
115_1_150,AC
115_1_151,AC
115_1_156,MES
115_1_159,AC
115_1_160,MES
115_1_161,AC
115_1_162,AC
115_1_168,MES
115_1_169,AC
115_1_174,MES
115_1_175,AC
115_1_176,AC
115_1_177,MES
115_1_178,MES
115_1_180,AC
115_1_181,MES
115_1_186,AC
115_1_188,AC
115_1_189,AC
115_1_191,MES
115_1_197,AC
115_1_199,AC
115_1_201,AC
115_1_203,AC
115_1_205,AC
115_1_208,AC
115_1_210,AC
115_1_212,MES
115_1_213,AC
115_1_217,AC
115_1_218,AC
115_1_219,AC
115_1_221,AC
115_1_222,AC
115_1_224,AC
115_1_228,AC
115_1_233,AC
115_1_234,AC
115_1_235,MES
115_1_236,AC
115_1_238,AC
115_1_240,AC
115_1_241,AC
115_1_244,AC
115_1_245,AC
115_1_248,AC
115_1_251,AC
115_1_254,AC
115_1_257,AC
115_1_258,MES
115_1_259,AC
115_1_262,AC
115_1_264,AC
115_1_266,MES
115_1_268,AC
115_1_270,AC
115_1_272,AC
115_1_273,AC
115_1_274,AC
115_1_275,AC
115_1_276,AC
115_1_279,AC
115_1_282,AC
115_1_283,AC
115_1_288,MES
115_1_292,AC
115_1_295,MES
115_1_296,AC
115_1_297,AC
115_1_303,AC
115_1_306,AC
115_1_309,AC
115_1_311,AC
115_1_312,AC
115_1_313,AC
115_1_317,AC
115_1_323,MES
115_1_325,AC
115_1_328,AC
115_1_333,AC
115_1_334,MES
115_1_336,AC
115_1_338,AC
115_1_339,AC
115_1_340,AC
115_1_341,AC
115_1_343,AC
115_1_344,AC
115_1_346,AC
115_1_347,AC
115_1_348,AC
115_1_354,MES
115_1_355,MES
115_1_356,AC
115_1_358,AC
115_1_359,AC
115_1_363,AC
115_1_365,AC
115_1_366,MES
115_1_372,MES
115_1_374,AC
115_1_375,AC
115_1_383,AC
115_1_386,AC
115_1_390,AC
115_1_391,AC
115_1_393,MES
115_1_395,AC
115_1_398,AC
115_1_399,MES
115_1_400,AC
115_1_403,AC
115_1_405,AC
115_1_409,AC
115_1_412,AC
115_1_417,AC
115_1_418,AC
115_1_419,AC
115_1_420,AC
115_1_422,AC
115_1_423,AC
115_1_426,AC
115_1_430,AC
115_1_431,AC
115_1_435,AC
115_1_438,MES
115_1_441,AC
115_1_446,AC
115_1_449,AC
115_1_453,AC
115_1_454,AC
115_1_455,AC
115_1_456,AC
115_1_462,AC
115_1_463,MES
115_1_466,AC
115_1_470,AC
115_1_471,MES
115_1_473,AC
115_1_474,AC
115_1_475,AC
115_1_476,MES
115_1_480,AC
115_1_482,AC
115_1_486,AC
115_1_489,MES
115_1_490,AC
115_1_491,MES
115_1_492,MES
115_1_495,AC
115_1_496,AC
115_1_497,AC
115_1_500,AC
115_1_501,AC
115_1_505,AC
115_1_511,MES
115_1_512,AC
115_1_513,AC
115_1_514,AC
115_1_517,AC
115_1_518,OPC
115_1_519,AC
115_1_522,AC
115_1_524,AC
115_1_525,AC
115_1_528,AC
115_1_539,MES
115_1_540,AC
115_1_546,AC
115_1_547,MES
115_1_548,AC
115_1_549,AC
115_1_550,AC
115_1_551,AC
115_1_558,MES
115_1_559,AC
115_1_560,AC
115_1_563,AC
115_1_564,AC
115_1_565,MES
115_1_566,AC
115_1_567,AC
115_1_568,AC
115_1_571,MES
115_1_572,AC
115_1_579,AC
115_1_580,AC
115_1_581,AC
115_1_586,AC
115_1_588,AC
115_1_589,AC
115_1_591,MES
115_1_595,AC
115_1_599,MES
115_1_600,AC
115_1_606,AC
115_1_608,AC
115_1_611,AC
115_1_615,AC
115_1_617,AC
115_1_618,AC
115_1_623,AC
115_1_626,AC
115_1_627,AC
115_1_631,AC
115_1_632,AC
115_1_633,AC
115_1_635,AC
115_1_641,AC
115_1_645,AC
115_1_646,AC
115_1_647,AC
115_1_649,AC
115_1_650,AC
115_1_651,AC
115_1_653,AC
115_1_654,AC
115_1_655,AC
115_1_658,AC
115_1_661,OPC
115_1_662,AC
115_1_663,AC
115_1_664,AC
115_1_665,AC
115_1_667,AC
115_1_671,MES
115_1_672,AC
115_1_674,AC
115_1_676,AC
115_1_677,AC
115_1_678,AC
115_1_682,AC
115_1_684,MES
115_1_686,AC
115_1_687,AC
115_1_688,AC
115_1_689,AC
115_1_693,AC
115_1_697,AC
115_1_700,AC
115_1_702,AC
115_1_704,AC
115_1_710,AC
115_1_711,AC
115_1_712,AC
115_1_714,AC
115_1_716,AC
115_1_717,AC
115_1_718,AC
115_1_721,AC
115_2_1,MES
115_2_4,AC
115_2_5,AC
115_2_7,AC
115_2_8,AC
115_2_9,AC
115_2_11,AC
115_2_12,MES
115_2_14,AC
115_2_16,AC
115_2_18,AC
115_2_24,AC
115_2_25,MES
115_2_27,MES
115_2_34,MES
115_2_35,AC
115_2_37,MES
115_2_39,MES
115_2_43,AC
115_2_45,AC
115_2_46,MES
115_2_48,AC
115_2_49,AC
115_2_51,AC
115_2_53,AC
115_2_54,MES
115_2_60,MES
115_2_62,AC
115_2_65,MES
115_2_68,AC
115_2_72,AC
115_2_73,AC
115_2_74,AC
115_2_75,AC
115_2_76,OPC
115_2_77,AC
115_2_78,AC
115_2_79,AC
115_2_80,AC
115_2_81,AC
115_2_85,AC
115_2_86,AC
115_2_88,AC
115_2_89,MES
115_2_92,AC
115_2_95,MES
115_2_98,AC
115_2_102,AC
115_2_104,AC
115_2_107,MES
115_2_111,AC
115_2_113,AC
115_2_120,AC
115_2_122,AC
115_2_124,AC
115_2_133,AC
115_2_137,MES
115_2_138,AC
115_2_139,AC
115_2_140,AC
115_2_141,AC
115_2_145,AC
115_2_146,AC
115_2_147,MES
115_2_151,AC
115_2_155,AC
115_2_156,AC
115_2_165,MES
115_2_166,AC
115_2_168,MES
115_2_170,AC
115_2_172,AC
115_2_174,MES
115_2_180,AC
115_2_181,AC
115_2_182,MES
115_2_190,MES
115_2_193,MES
115_2_194,MES
115_2_195,AC
115_2_197,AC
115_2_198,MES
115_2_199,MES
115_2_200,AC
115_2_202,AC
115_2_203,MES
115_2_211,AC
115_2_212,AC
115_2_216,AC
115_2_217,AC
115_2_220,AC
115_2_222,AC
115_2_223,AC
115_2_224,AC
115_2_225,AC
115_2_226,AC
115_2_228,AC
115_2_232,AC
115_2_235,AC
115_2_238,AC
115_2_242,MES
115_2_243,AC
115_2_244,AC
115_2_246,AC
115_2_248,AC
115_2_251,AC
115_2_252,AC
115_2_254,AC
115_2_257,MES
115_2_260,AC
115_2_261,AC
115_2_262,MES
115_2_267,MES
115_2_268,AC
115_2_271,AC
115_2_277,AC
115_2_292,AC
115_2_293,AC
115_2_295,AC
115_2_297,AC
115_2_298,AC
115_2_300,MES
115_2_301,AC
115_2_302,AC
115_2_303,MES
115_2_309,MES
115_2_310,AC
115_2_313,MES
115_2_314,AC
115_2_316,AC
115_2_318,AC
115_2_320,AC
115_2_325,AC
115_2_326,AC
115_2_327,AC
115_2_329,AC
115_2_330,OPC
115_2_333,AC
115_2_338,AC
115_2_339,MES
115_2_340,AC
115_2_341,AC
115_2_342,AC
115_2_344,AC
115_2_345,AC
115_2_346,AC
115_2_349,MES
115_2_350,AC
115_2_353,MES
115_2_354,AC
115_2_358,AC
115_2_360,AC
115_2_361,AC
115_2_367,AC
115_2_369,OPC
115_2_370,AC
115_2_372,MES
115_2_373,MES
115_2_374,OPC
115_2_375,AC
115_2_377,AC
115_2_378,AC
115_2_382,AC
115_2_383,AC
115_2_384,AC
115_2_386,AC
115_2_389,AC
115_2_391,MES
115_2_392,MES
115_2_393,AC
115_2_396,AC
115_2_398,AC
115_2_403,AC
115_2_405,AC
115_2_408,AC
115_2_410,MES
115_2_412,AC
115_2_416,MES
115_2_417,MES
115_2_420,MES
115_2_426,AC
115_2_427,AC
115_2_428,OPC
115_2_432,AC
115_2_433,AC
115_2_434,AC
115_2_435,AC
115_2_436,AC
115_2_439,AC
115_2_443,MES
115_2_444,AC
115_2_449,AC
115_2_450,AC
115_2_451,MES
115_2_452,MES
115_2_460,AC
115_2_467,AC
115_2_468,AC
115_2_470,AC
115_2_472,AC
115_2_473,AC
115_2_474,AC
115_2_476,MES
115_2_478,MES
115_2_479,AC
115_2_480,AC
115_2_482,AC
115_2_484,MES
115_2_488,AC
115_2_490,AC
115_2_494,AC
115_2_498,AC
115_2_499,AC
115_2_500,AC
115_2_501,AC
115_2_506,AC
115_2_509,AC
115_2_512,AC
115_2_515,MES
115_2_516,AC
115_2_517,AC
115_2_518,AC
115_2_519,MES
115_2_526,MES
115_2_532,AC
115_2_534,MES
115_2_537,AC
115_2_539,AC
115_2_542,AC
115_2_545,AC
115_2_546,AC
115_2_547,MES
115_2_548,AC
115_2_549,AC
115_2_551,AC
115_2_552,AC
115_2_553,AC
115_2_558,MES
115_2_560,MES
115_2_561,AC
115_2_562,AC
115_2_564,AC
115_2_566,AC
115_2_569,AC
115_2_572,AC
115_2_576,OPC
115_2_578,AC
115_2_579,AC
115_2_581,AC
115_2_582,AC
115_2_583,AC
115_2_584,AC
115_2_589,AC
115_2_592,AC
115_2_594,MES
115_2_595,AC
115_2_597,AC
115_2_598,AC
115_2_600,AC
115_2_606,MES
115_2_607,AC
115_2_609,MES
115_2_613,MES
115_2_616,MES
115_2_620,AC
115_2_622,AC
115_2_625,AC
115_2_626,MES
115_2_629,AC
115_2_635,AC
115_2_636,MES
115_2_638,AC
115_2_639,MES
115_2_641,MES
115_2_642,AC
115_2_644,AC
115_2_653,AC
115_2_654,AC
115_2_656,AC
115_2_659,MES
115_2_660,MES
115_2_661,MES
115_2_664,AC
115_2_665,MES
115_2_671,AC
115_2_673,AC
115_2_677,AC
115_2_678,AC
115_2_679,AC
115_2_685,AC
115_2_689,AC
115_2_690,AC
115_2_694,AC
115_2_695,MES
115_2_696,MES
115_2_700,AC
115_2_702,MES
115_2_703,AC
115_2_705,AC
115_2_709,MES
115_2_710,AC
115_2_714,MES
115_2_716,MES
115_2_719,AC
115_2_720,AC
115_2_723,MES
115_2_724,AC
115_2_725,AC
115_2_726,AC
115_2_727,AC
115_2_729,MES
115_2_732,AC
115_2_739,AC
115_2_741,AC
115_2_742,AC
115_2_744,AC
115_2_745,AC
115_2_746,AC
115_2_747,AC
115_2_750,AC
115_2_751,AC
115_2_755,AC
115_2_756,AC
115_2_759,OPC
115_2_762,AC
115_2_765,AC
115_2_771,AC
115_2_775,AC
124_1_1,NPC
124_1_3,NPC
124_1_5,MES
124_1_7,OPC
124_1_8,AC
124_1_10,MES
124_1_11,NPC
124_1_14,MES
124_1_16,NPC
124_1_19,AC
124_1_20,MES
124_1_21,AC
124_1_22,MES
124_1_23,NPC
124_1_29,NPC
124_1_30,AC
124_1_31,MES
124_1_32,OPC
124_1_35,MES
124_1_37,NPC
124_1_38,NPC
124_1_39,AC
124_1_41,AC
124_1_47,NPC
124_1_48,NPC
124_1_49,NPC
124_1_51,NPC
124_1_54,OPC
124_1_57,NPC
124_1_59,NPC
124_1_60,NPC
124_1_62,AC
124_1_63,NPC
124_1_65,MES
124_1_66,OPC
124_1_68,MES
124_1_69,NPC
124_1_70,MES
124_1_71,NPC
124_1_74,NPC
124_1_75,NPC
124_1_78,MES
124_1_79,NPC
124_1_86,AC
124_1_89,MES
124_1_90,MES
124_1_92,NPC
124_1_94,MES
124_1_95,MES
124_1_98,NPC
124_1_99,NPC
124_1_102,NPC
124_1_104,MES
124_1_106,AC
124_1_108,NPC
124_1_110,MES
124_1_111,OPC
124_1_114,NPC
124_1_115,NPC
124_1_116,MES
124_1_117,MES
124_1_120,NPC
124_1_121,MES
124_1_123,NPC
124_1_124,NPC
124_1_127,NPC
124_1_128,NPC
124_1_129,AC
124_1_130,AC
124_1_133,OPC
124_1_134,NPC
124_1_141,AC
124_1_142,NPC
124_1_144,NPC
124_1_149,NPC
124_1_153,MES
124_1_154,NPC
124_1_157,NPC
124_1_161,NPC
124_1_162,NPC
124_1_163,AC
124_1_164,NPC
124_1_167,MES
124_1_168,NPC
124_1_171,MES
124_1_172,MES
124_1_174,OPC
124_1_176,AC
124_1_178,NPC
124_1_181,NPC
124_1_182,NPC
124_1_183,NPC
124_1_185,AC
124_1_189,AC
124_1_190,AC
124_1_193,NPC
124_1_195,NPC
124_1_196,MES
124_1_197,NPC
124_1_198,NPC
124_1_201,NPC
124_1_203,NPC
124_1_205,NPC
124_1_207,NPC
124_1_208,NPC
124_1_209,NPC
124_1_211,NPC
124_1_212,NPC
124_1_214,NPC
124_1_215,MES
124_1_216,NPC
124_1_217,AC
124_1_222,AC
124_1_223,NPC
124_1_225,AC
124_1_228,NPC
124_1_229,NPC
124_1_230,MES
124_1_232,MES
124_1_235,MES
124_1_237,NPC
124_1_239,MES
124_1_240,NPC
124_1_241,AC
124_1_242,NPC
124_1_246,NPC
124_1_251,NPC
124_1_256,NPC
124_1_257,NPC
124_1_259,NPC
124_1_260,NPC
124_1_263,NPC
124_1_264,MES
124_1_267,NPC
124_1_268,MES
124_1_271,NPC
124_1_272,NPC
124_1_275,NPC
124_1_277,MES
124_1_279,NPC
124_1_280,NPC
124_1_282,NPC
124_1_283,NPC
124_1_287,OPC
124_1_293,NPC
124_1_294,NPC
124_1_298,NPC
124_1_301,NPC
124_1_303,AC
124_1_304,MES
124_1_305,NPC
124_1_307,NPC
124_1_312,NPC
124_1_313,NPC
124_1_314,AC
124_1_315,NPC
124_1_317,AC
124_1_318,MES
124_1_319,AC
124_1_322,AC
124_1_325,MES
124_1_326,NPC
124_1_327,NPC
124_1_328,NPC
124_1_330,NPC
124_1_331,NPC
124_1_332,MES
124_1_334,NPC
124_1_335,NPC
124_1_338,NPC
124_1_339,MES
124_1_340,MES
124_1_341,NPC
124_1_342,MES
124_1_343,NPC
124_1_344,NPC
124_1_347,NPC
124_1_349,AC
124_1_351,MES
124_1_353,NPC
124_1_354,NPC
124_1_356,NPC
124_1_361,MES
124_1_362,AC
124_1_366,NPC
124_1_368,MES
124_1_370,NPC
124_1_371,MES
124_1_372,NPC
124_1_375,AC
124_1_377,NPC
124_1_378,OPC
124_1_380,NPC
124_1_384,AC
124_1_385,NPC
124_1_386,NPC
124_1_387,AC
124_1_391,NPC
124_1_394,MES
124_1_396,MES
124_1_397,NPC
124_1_400,MES
124_1_401,NPC
124_1_402,NPC
124_1_403,NPC
124_1_404,NPC
124_1_407,NPC
124_1_408,NPC
124_1_409,MES
124_1_410,MES
124_1_412,NPC
124_1_413,NPC
124_1_415,NPC
124_1_417,NPC
124_1_418,NPC
124_1_419,NPC
124_1_421,OPC
124_1_424,NPC
124_1_425,NPC
124_1_426,AC
124_1_427,NPC
124_1_429,NPC
124_1_430,NPC
124_1_433,NPC
124_1_434,MES
124_1_437,MES
124_1_439,NPC
124_1_446,NPC
124_1_447,NPC
124_1_450,AC
124_1_451,AC
124_1_454,NPC
124_1_456,MES
124_1_458,OPC
124_1_462,NPC
124_1_463,NPC
124_1_466,AC
124_1_467,NPC
124_1_468,AC
124_1_469,AC
124_1_470,NPC
124_1_473,NPC
124_1_475,OPC
124_1_480,NPC
124_1_481,MES
124_1_483,NPC
124_1_487,NPC
124_1_497,NPC
124_1_498,AC
124_1_502,NPC
124_1_503,NPC
124_1_504,MES
124_1_506,NPC
124_1_508,NPC
124_1_510,OPC
124_1_511,AC
124_1_514,OPC
124_1_519,NPC
124_1_524,MES
124_1_525,NPC
124_1_529,NPC
124_1_530,NPC
124_1_531,MES
124_1_533,MES
124_1_534,AC
124_1_539,AC
124_1_540,MES
124_1_543,NPC
124_1_544,MES
124_1_545,NPC
124_1_550,NPC
124_1_551,NPC
124_1_557,NPC
124_1_558,NPC
124_1_559,NPC
124_1_560,AC
124_1_561,NPC
124_1_562,MES
124_1_564,AC
124_1_565,NPC
124_1_567,AC
124_1_568,NPC
124_1_569,NPC
124_1_572,NPC
124_1_573,NPC
124_1_575,MES
124_1_576,NPC
124_1_577,NPC
124_1_579,NPC
124_1_580,NPC
124_1_581,MES
124_1_583,NPC
124_1_586,MES
124_1_588,NPC
124_1_589,NPC
124_1_590,NPC
124_1_591,NPC
124_1_594,NPC
124_1_596,NPC
124_1_597,MES
124_1_600,MES
124_1_601,AC
124_1_602,NPC
124_1_603,NPC
124_1_604,NPC
124_1_605,NPC
124_1_608,MES
124_1_609,NPC
124_1_610,NPC
124_1_611,NPC
124_1_612,MES
124_1_615,OPC
124_1_617,MES
124_1_619,NPC
124_1_620,AC
124_1_622,OPC
124_1_624,NPC
124_1_625,NPC
124_1_626,NPC
124_1_628,NPC
124_1_630,MES
124_1_631,MES
124_1_632,NPC
124_1_635,MES
124_1_636,NPC
124_1_637,AC
124_1_639,NPC
124_1_640,MES
124_1_641,MES
124_1_643,AC
124_1_644,NPC
124_1_645,NPC
124_1_646,MES
124_1_647,NPC
124_1_648,NPC
124_1_649,NPC
124_1_652,AC
124_1_655,NPC
124_1_656,MES
124_1_657,NPC
124_1_660,NPC
124_1_662,MES
124_1_663,MES
124_1_664,NPC
124_1_665,MES
124_1_667,NPC
124_1_670,NPC
124_1_672,MES
124_1_673,NPC
124_1_674,NPC
124_1_677,NPC
124_1_681,AC
124_1_682,AC
124_1_683,NPC
124_1_684,MES
124_1_685,NPC
124_1_687,NPC
124_1_688,NPC
124_1_697,NPC
124_1_698,NPC
124_1_701,OPC
124_1_703,MES
124_1_704,NPC
124_1_708,NPC
124_1_709,NPC
124_1_710,MES
124_1_716,NPC
124_1_718,NPC
124_1_719,NPC
124_1_723,NPC
124_1_724,NPC
124_1_726,NPC
124_1_728,NPC
124_1_730,NPC
124_1_731,NPC
124_1_732,MES
124_1_734,NPC
124_1_736,MES
124_1_740,NPC
124_1_745,NPC
124_1_747,NPC
124_1_748,NPC
124_1_749,MES
124_1_756,NPC
124_1_757,AC
124_1_758,NPC
124_1_759,NPC
124_1_765,MES
124_1_766,NPC
124_1_767,NPC
124_1_768,NPC
124_1_770,MES
124_1_771,NPC
124_1_775,NPC
124_1_778,NPC
124_1_779,NPC
124_1_782,AC
124_1_788,AC
124_1_790,AC
124_1_791,MES
124_1_795,NPC
124_1_797,MES
124_1_798,NPC
124_1_801,MES
124_1_802,NPC
124_1_803,NPC
124_1_805,NPC
124_1_806,MES
124_1_810,NPC
124_1_813,NPC
124_1_814,NPC
124_1_815,AC
124_1_817,MES
124_1_821,MES
124_1_823,MES
124_1_827,MES
124_1_832,MES
124_1_837,NPC
124_1_838,MES
124_1_839,NPC
124_1_840,NPC
124_1_844,MES
124_1_845,NPC
124_1_848,NPC
124_1_850,NPC
124_1_851,MES
124_1_855,AC
124_1_858,MES
124_1_860,NPC
124_1_861,MES
124_1_865,NPC
124_1_868,NPC
124_1_869,NPC
124_1_873,NPC
124_1_877,MES
124_1_878,NPC
124_1_880,MES
124_1_883,OPC
124_1_884,NPC
124_1_885,NPC
124_1_888,NPC
124_1_890,NPC
124_1_891,NPC
124_1_895,MES
124_1_898,MES
124_1_900,NPC
124_1_904,NPC
124_1_909,MES
124_1_911,NPC
124_1_914,NPC
124_1_916,MES
124_1_917,NPC
124_1_920,MES
124_1_922,NPC
124_1_925,NPC
124_1_926,NPC
124_1_928,NPC
124_1_930,MES
124_1_931,NPC
124_1_932,NPC
124_1_935,MES
124_1_936,NPC
124_1_939,NPC
124_1_942,NPC
124_1_943,NPC
124_1_944,NPC
124_1_945,MES
124_1_946,AC
124_1_947,NPC
124_1_958,NPC
124_1_960,OPC
124_1_961,NPC
124_1_965,NPC
124_1_966,NPC
124_1_970,NPC
124_1_973,NPC
124_1_976,NPC
124_1_977,AC
124_1_982,MES
124_1_984,MES
124_1_985,NPC
124_1_987,AC
124_1_989,MES
124_1_990,NPC
124_1_996,MES
124_1_997,MES
124_1_998,NPC
124_1_1001,MES
124_1_1005,NPC
124_1_1007,NPC
124_1_1008,AC
124_1_1010,MES
124_1_1011,NPC
124_1_1013,NPC
124_1_1018,MES
124_1_1019,NPC
124_1_1021,NPC
124_1_1023,MES
124_1_1028,MES
124_1_1029,OPC
124_1_1033,NPC
124_1_1034,NPC
124_1_1035,NPC
124_1_1036,OPC
124_1_1037,NPC
124_1_1038,NPC
124_1_1042,NPC
124_1_1043,NPC
124_1_1044,NPC
124_1_1046,AC
124_1_1047,NPC
124_1_1051,NPC
124_1_1052,NPC
124_1_1053,MES
124_1_1055,AC
124_1_1060,NPC
124_1_1061,NPC
124_1_1062,AC
124_1_1064,MES
124_1_1065,NPC
124_1_1066,AC
124_1_1068,MES
124_1_1069,NPC
124_1_1071,AC
124_1_1074,AC
124_1_1080,AC
124_1_1081,NPC
124_1_1082,AC
124_1_1086,NPC
124_1_1087,AC
124_1_1093,AC
124_1_1095,AC
124_1_1099,NPC
124_1_1100,NPC
124_1_1101,NPC
124_1_1102,NPC
124_1_1105,NPC
124_1_1109,AC
124_1_1112,NPC
124_1_1113,NPC
124_1_1115,NPC
124_1_1116,NPC
124_1_1117,MES
124_1_1120,NPC
124_1_1122,NPC
124_1_1129,AC
124_1_1130,NPC
124_1_1131,NPC
124_1_1136,NPC
124_1_1144,AC
124_1_1147,NPC
124_1_1148,AC
124_1_1151,AC
124_1_1156,NPC
124_1_1158,AC
124_1_1160,MES
124_1_1161,MES
124_1_1162,NPC
124_1_1163,NPC
124_1_1165,MES
124_1_1167,AC
124_1_1168,MES
124_1_1171,NPC
124_1_1172,NPC
124_1_1175,MES
124_1_1176,NPC
124_1_1177,NPC
124_1_1180,NPC
124_1_1181,AC
124_1_1184,MES
124_1_1185,NPC
124_1_1186,NPC
124_1_1187,NPC
124_1_1189,NPC
124_1_1190,NPC
124_1_1192,MES
124_1_1197,AC
124_1_1199,NPC
124_1_1200,NPC
124_1_1201,NPC
124_1_1203,MES
124_1_1204,NPC
124_1_1205,MES
124_1_1207,AC
124_1_1208,NPC
124_1_1210,AC
124_1_1212,AC
124_1_1213,NPC
124_1_1214,NPC
124_1_1215,AC
124_1_1217,NPC
124_1_1220,MES
124_1_1221,NPC
124_1_1222,NPC
124_2_2,NPC
124_2_3,MES
124_2_6,NPC
124_2_7,NPC
124_2_8,AC
124_2_9,NPC
124_2_12,NPC
124_2_15,OPC
124_2_17,AC
124_2_19,NPC
124_2_20,MES
124_2_23,NPC
124_2_25,NPC
124_2_29,MES
124_2_31,OPC
124_2_32,NPC
124_2_33,NPC
124_2_36,MES
124_2_39,NPC
124_2_41,NPC
124_2_45,NPC
124_2_49,NPC
124_2_51,MES
124_2_52,NPC
124_2_54,MES
124_2_55,MES
124_2_56,NPC
124_2_61,NPC
124_2_63,NPC
124_2_64,NPC
124_2_65,MES
124_2_67,MES
124_2_68,NPC
124_2_69,NPC
124_2_70,MES
124_2_74,NPC
124_2_75,NPC
124_2_78,MES
124_2_79,NPC
124_2_84,NPC
124_2_87,MES
124_2_88,AC
124_2_90,NPC
124_2_92,NPC
124_2_93,NPC
124_2_94,NPC
124_2_97,NPC
124_2_99,AC
124_2_100,NPC
124_2_104,NPC
124_2_105,NPC
124_2_107,NPC
124_2_114,NPC
124_2_115,NPC
124_2_117,MES
124_2_118,NPC
124_2_120,MES
124_2_125,NPC
124_2_126,AC
124_2_129,MES
124_2_130,MES
124_2_132,NPC
124_2_133,AC
124_2_134,AC
124_2_136,NPC
124_2_138,MES
124_2_144,NPC
124_2_145,NPC
124_2_146,NPC
124_2_148,NPC
124_2_150,AC
124_2_152,NPC
124_2_153,MES
124_2_155,MES
124_2_157,NPC
124_2_158,NPC
124_2_159,NPC
124_2_160,NPC
124_2_162,MES
124_2_163,AC
124_2_166,MES
124_2_167,NPC
124_2_171,NPC
124_2_174,NPC
124_2_175,MES
124_2_176,MES
124_2_178,NPC
124_2_186,OPC
124_2_191,MES
124_2_194,NPC
124_2_197,MES
124_2_198,NPC
124_2_209,NPC
124_2_210,NPC
124_2_211,NPC
124_2_213,NPC
124_2_214,NPC
124_2_215,MES
124_2_217,AC
124_2_218,NPC
124_2_220,AC
124_2_221,NPC
124_2_222,NPC
124_2_223,MES
124_2_224,AC
124_2_225,NPC
124_2_229,NPC
124_2_230,NPC
124_2_233,NPC
124_2_235,NPC
124_2_237,MES
124_2_238,NPC
124_2_239,NPC
124_2_240,NPC
124_2_245,NPC
124_2_246,NPC
124_2_249,MES
124_2_250,NPC
124_2_251,NPC
124_2_253,AC
124_2_257,NPC
124_2_262,NPC
124_2_263,MES
124_2_264,AC
124_2_265,MES
124_2_267,NPC
124_2_270,MES
124_2_271,MES
124_2_273,NPC
124_2_275,MES
124_2_276,MES
124_2_277,AC
124_2_282,NPC
124_2_284,NPC
124_2_285,NPC
124_2_287,NPC
124_2_288,AC
124_2_289,AC
124_2_294,NPC
124_2_296,NPC
124_2_297,NPC
124_2_298,MES
124_2_299,NPC
124_2_303,NPC
124_2_304,OPC
124_2_305,NPC
124_2_307,NPC
124_2_311,NPC
124_2_312,MES
124_2_318,NPC
124_2_319,NPC
124_2_320,NPC
124_2_324,MES
124_2_325,NPC
124_2_328,MES
124_2_329,MES
124_2_330,NPC
124_2_333,AC
124_2_334,NPC
124_2_335,NPC
124_2_337,NPC
124_2_339,NPC
124_2_342,NPC
124_2_345,NPC
124_2_346,NPC
124_2_348,MES
124_2_350,NPC
124_2_352,NPC
124_2_354,MES
124_2_355,MES
124_2_356,NPC
124_2_358,MES
124_2_360,NPC
124_2_361,AC
124_2_369,MES
124_2_372,MES
124_2_373,NPC
124_2_374,NPC
124_2_376,AC
124_2_378,NPC
124_2_380,MES
124_2_381,NPC
124_2_382,NPC
124_2_386,NPC
124_2_387,NPC
124_2_389,MES
124_2_390,NPC
124_2_391,MES
124_2_393,MES
124_2_394,NPC
124_2_397,NPC
124_2_399,NPC
124_2_401,NPC
124_2_408,MES
124_2_412,NPC
124_2_413,NPC
124_2_417,MES
124_2_418,NPC
124_2_420,NPC
124_2_421,MES
124_2_424,NPC
124_2_425,NPC
124_2_426,NPC
124_2_428,NPC
124_2_429,NPC
124_2_430,MES
124_2_431,NPC
124_2_434,NPC
124_2_435,MES
124_2_437,NPC
124_2_441,NPC
124_2_442,MES
124_2_443,AC
124_2_449,NPC
124_2_451,NPC
124_2_456,NPC
124_2_457,NPC
124_2_459,NPC
124_2_460,NPC
124_2_461,NPC
124_2_462,AC
124_2_464,NPC
124_2_465,AC
124_2_466,NPC
124_2_467,MES
124_2_468,NPC
124_2_471,MES
124_2_472,MES
124_2_473,NPC
124_2_475,AC
124_2_476,AC
124_2_477,NPC
124_2_484,NPC
124_2_486,NPC
124_2_487,MES
124_2_489,MES
124_2_491,NPC
124_2_495,AC
124_2_496,MES
124_2_497,NPC
124_2_498,MES
124_2_499,AC
124_2_500,NPC
124_2_501,NPC
124_2_502,NPC
124_2_503,NPC
124_2_505,NPC
124_2_510,OPC
124_2_511,MES
124_2_512,MES
124_2_514,NPC
124_2_517,MES
124_2_520,MES
124_2_528,OPC
124_2_530,NPC
124_2_534,NPC
124_2_536,AC
124_2_539,NPC
124_2_540,NPC
124_2_542,MES
124_2_543,NPC
124_2_544,NPC
124_2_545,NPC
124_2_546,NPC
124_2_547,AC
124_2_551,NPC
124_2_552,NPC
124_2_553,NPC
124_2_555,MES
124_2_556,AC
124_2_557,NPC
124_2_558,NPC
124_2_559,AC
124_2_560,MES
124_2_561,MES
124_2_563,NPC
124_2_564,NPC
124_2_565,NPC
124_2_566,NPC
124_2_570,NPC
124_2_572,NPC
124_2_574,NPC
124_2_575,AC
124_2_576,NPC
124_2_577,NPC
124_2_578,NPC
124_2_580,MES
124_2_585,MES
124_2_587,NPC
124_2_591,NPC
124_2_592,NPC
124_2_594,NPC
124_2_595,MES
124_2_598,MES
124_2_599,AC
124_2_600,MES
124_2_601,MES
124_2_603,MES
124_2_604,NPC
124_2_605,OPC
124_2_606,NPC
124_2_607,NPC
124_2_610,MES
124_2_611,MES
124_2_617,NPC
124_2_620,NPC
124_2_622,NPC
124_2_625,NPC
124_2_630,NPC
124_2_632,MES
124_2_633,NPC
124_2_634,NPC
124_2_635,NPC
124_2_637,NPC
124_2_639,NPC
124_2_641,NPC
124_2_642,NPC
124_2_643,MES
124_2_647,MES
124_2_648,NPC
124_2_650,NPC
124_2_651,NPC
124_2_652,NPC
124_2_653,NPC
124_2_655,NPC
124_2_657,NPC
124_2_662,NPC
124_2_665,AC
124_2_666,MES
124_2_670,NPC
124_2_672,NPC
124_2_673,MES
124_2_674,AC
124_2_675,OPC
124_2_677,AC
124_2_678,AC
124_2_680,MES
124_2_681,NPC
124_2_682,NPC
124_2_684,AC
124_2_685,MES
124_2_686,MES
124_2_687,AC
124_2_689,MES
124_2_690,NPC
124_2_692,NPC
124_2_693,AC
124_2_694,NPC
124_2_695,NPC
124_2_698,NPC
124_2_701,MES
124_2_704,NPC
124_2_708,OPC
124_2_713,NPC
124_2_715,MES
124_2_716,MES
124_2_717,MES
124_2_718,NPC
124_2_719,NPC
124_2_720,AC
124_2_721,MES
124_2_722,AC
124_2_723,NPC
124_2_725,NPC
124_2_727,MES
124_2_728,MES
124_2_730,NPC
124_2_731,NPC
124_2_732,OPC
124_2_733,NPC
124_2_734,AC
124_2_735,NPC
124_2_740,NPC
124_2_742,NPC
124_2_743,NPC
124_2_744,NPC
124_2_745,AC
124_2_746,NPC
124_2_748,AC
124_2_755,MES
124_2_757,OPC
124_2_758,NPC
124_2_760,NPC
124_2_761,NPC
124_2_764,MES
124_2_767,AC
124_2_768,MES
124_2_773,AC
124_2_777,MES
124_2_778,MES
124_2_789,NPC
124_2_792,NPC
124_2_795,NPC
124_2_800,NPC
124_2_801,NPC
124_2_802,NPC
124_2_803,NPC
124_2_805,MES
124_2_806,NPC
124_2_808,AC
124_2_809,NPC
124_2_810,NPC
124_2_814,AC
124_2_817,NPC
124_2_821,NPC
124_2_822,NPC
124_2_823,NPC
124_2_824,AC
124_2_825,MES
124_2_828,NPC
124_2_829,NPC
124_2_830,NPC
124_2_831,NPC
124_2_833,AC
124_2_836,NPC
124_2_837,OPC
124_2_840,OPC
124_2_841,NPC
124_2_842,AC
124_2_846,NPC
124_2_847,OPC
124_2_849,OPC
124_2_850,NPC
124_2_852,NPC
124_2_853,NPC
124_2_854,NPC
124_2_855,MES
124_2_856,NPC
124_2_860,NPC
124_2_861,AC
124_2_862,NPC
124_2_865,NPC
124_2_866,MES
124_2_868,MES
124_2_869,NPC
124_2_874,NPC
124_2_876,AC
124_2_877,NPC
124_2_878,NPC
124_2_886,MES
124_2_888,NPC
124_2_890,NPC
124_2_891,AC
124_2_892,NPC
124_2_896,MES
124_2_898,NPC
124_2_899,NPC
124_2_900,NPC
124_2_901,MES
124_2_904,NPC
124_2_905,NPC
124_2_907,NPC
124_2_908,AC
124_2_909,NPC
124_2_910,AC
124_2_911,MES
124_2_913,MES
124_2_916,MES
124_2_920,NPC
124_2_922,AC
124_2_923,NPC
124_2_924,OPC
124_2_925,NPC
124_2_926,MES
124_2_929,NPC
124_2_931,AC
124_2_935,OPC
124_2_937,NPC
124_2_938,NPC
124_2_939,MES
124_2_940,OPC
124_2_941,AC
124_2_943,NPC
124_2_945,NPC
124_2_947,OPC
124_2_949,AC
124_2_950,MES
124_2_952,NPC
124_2_954,OPC
124_2_955,NPC
124_2_958,NPC
124_2_960,NPC
124_2_961,NPC
124_2_963,NPC
124_2_965,MES
124_2_967,MES
124_2_970,MES
124_2_971,NPC
124_2_972,NPC
124_2_975,NPC
124_2_978,NPC
124_2_979,AC
124_2_980,NPC
124_2_981,MES
124_2_983,AC
124_2_984,NPC
124_2_985,MES
124_2_989,AC
124_2_990,NPC
124_2_991,OPC
124_2_993,NPC
124_2_997,AC
124_2_999,AC
124_2_1000,MES
124_2_1001,NPC
124_2_1002,NPC
124_2_1003,MES
124_2_1005,NPC
124_2_1006,AC
124_2_1007,MES
124_2_1009,NPC
124_2_1010,NPC
124_2_1015,NPC
124_2_1017,MES
124_2_1018,AC
124_2_1019,NPC
124_2_1021,NPC
124_2_1022,AC
124_2_1023,NPC
124_2_1025,NPC
124_2_1026,AC
124_2_1027,NPC
124_2_1029,MES
124_2_1030,MES
124_2_1034,AC
124_2_1037,NPC
124_2_1038,NPC
124_2_1040,NPC
124_2_1041,AC
124_2_1047,MES
124_2_1048,AC
124_2_1049,NPC
124_2_1050,NPC
124_2_1051,MES
124_2_1053,MES
124_2_1054,NPC
124_2_1055,NPC
124_2_1056,AC
124_2_1057,NPC
124_2_1059,NPC
124_2_1063,NPC
124_2_1065,AC
124_2_1069,AC
124_2_1072,NPC
124_2_1074,NPC
124_2_1075,NPC
124_2_1077,NPC
124_2_1082,MES
124_2_1084,NPC
124_2_1085,NPC
124_2_1086,NPC
124_2_1088,NPC
124_2_1089,NPC
124_2_1091,MES
124_2_1092,MES
124_2_1093,NPC
124_2_1099,NPC
124_2_1101,MES
124_2_1102,OPC
124_2_1104,NPC
124_2_1106,NPC
124_2_1111,NPC
124_2_1112,NPC
124_2_1113,NPC
124_2_1114,NPC
124_2_1117,NPC
124_2_1119,OPC
124_2_1122,AC
124_2_1126,MES
124_2_1127,NPC
124_2_1129,NPC
124_2_1130,NPC
124_2_1132,MES
124_2_1134,MES
124_2_1135,AC
124_2_1136,NPC
124_2_1137,AC
124_2_1138,AC
124_2_1140,MES
124_2_1141,AC
124_2_1142,MES
124_2_1143,AC
124_2_1147,OPC
124_2_1154,NPC
124_2_1155,NPC
124_2_1157,NPC
124_2_1158,NPC
124_2_1159,NPC
124_2_1163,AC
124_2_1164,MES
124_2_1166,MES
124_2_1170,NPC
124_2_1171,MES
124_2_1172,OPC
124_2_1173,NPC
124_2_1174,OPC
124_2_1177,MES
124_2_1178,NPC
124_2_1179,NPC
124_2_1180,MES
124_2_1187,NPC
124_2_1194,NPC
124_2_1198,NPC
124_2_1199,NPC
124_2_1200,MES
124_2_1201,AC
124_2_1203,NPC
124_2_1205,NPC
124_2_1206,NPC
124_2_1207,NPC
124_2_1208,NPC
124_2_1209,NPC
124_2_1210,NPC
124_2_1213,MES
124_2_1217,OPC
124_2_1219,OPC
124_2_1220,OPC
124_2_1221,NPC
124_2_1223,MES
124_2_1224,MES
124_2_1225,NPC
124_2_1228,AC
124_2_1230,NPC
124_2_1232,NPC
124_2_1235,OPC
124_2_1239,NPC
124_2_1240,NPC
124_2_1248,NPC
124_2_1252,NPC
124_2_1253,MES
124_2_1255,NPC
124_2_1265,MES
124_2_1268,NPC
124_2_1271,AC
124_2_1274,NPC
124_2_1275,MES
124_2_1278,NPC
124_2_1279,NPC
124_2_1280,NPC
124_2_1281,NPC
124_2_1283,NPC
124_2_1285,AC
124_2_1286,MES
124_2_1289,MES
124_2_1291,NPC
124_2_1292,AC
124_2_1297,NPC
124_2_1298,NPC
124_2_1299,AC
124_2_1301,AC
124_2_1303,NPC
124_2_1307,MES
124_2_1308,NPC
124_2_1310,MES
124_2_1313,NPC
124_2_1318,NPC
124_2_1319,NPC
124_2_1322,NPC
124_2_1323,NPC
124_2_1324,MES
124_2_1325,NPC
124_2_1326,MES
124_2_1327,MES
124_2_1328,MES
124_2_1330,NPC
124_2_1332,MES
124_2_1336,MES
124_2_1339,OPC
124_2_1340,NPC
124_2_1341,NPC
124_2_1344,AC
124_2_1345,NPC
124_2_1346,NPC
124_2_1347,OPC
124_2_1350,NPC
124_2_1352,NPC
124_2_1353,MES
124_2_1355,AC
124_2_1357,NPC
124_2_1358,NPC
124_2_1359,NPC
124_2_1361,NPC
124_2_1362,NPC
124_2_1363,NPC
124_2_1364,NPC
124_2_1365,MES
124_2_1366,MES
124_2_1368,NPC
124_2_1369,NPC
124_2_1370,NPC
124_2_1372,NPC
124_2_1373,NPC
124_2_1374,NPC
124_2_1375,NPC
124_2_1376,AC
124_2_1377,MES
124_2_1378,NPC
124_2_1380,NPC
124_2_1381,NPC
124_2_1383,NPC
124_2_1390,NPC
124_2_1391,NPC
124_2_1392,NPC
124_2_1394,NPC
124_2_1395,MES
124_2_1397,MES
125_1_1,NPC
125_1_2,NPC
125_1_6,AC
125_1_9,AC
125_1_14,AC
125_1_15,AC
125_1_17,NPC
125_1_19,NPC
125_1_20,OPC
125_1_23,OPC
125_1_24,OPC
125_1_25,NPC
125_1_26,NPC
125_1_27,OPC
125_1_28,AC
125_1_36,NPC
125_1_38,NPC
125_1_39,OPC
125_1_40,NPC
125_1_42,NPC
125_1_44,OPC
125_1_47,NPC
125_1_48,NPC
125_1_49,OPC
125_1_53,AC
125_1_54,OPC
125_1_56,NPC
125_1_57,NPC
125_1_58,OPC
125_1_59,OPC
125_1_64,OPC
125_1_67,AC
125_1_68,AC
125_1_69,AC
125_1_71,OPC
125_1_72,OPC
125_1_73,OPC
125_1_76,NPC
125_1_77,NPC
125_1_78,NPC
125_1_86,OPC
125_1_87,NPC
125_1_88,AC
125_1_89,AC
125_1_90,NPC
125_1_100,OPC
125_1_101,AC
125_1_103,AC
125_1_105,OPC
125_1_109,NPC
125_1_111,NPC
125_1_112,OPC
125_1_114,NPC
125_1_116,NPC
125_1_117,NPC
125_1_120,OPC
125_1_123,AC
125_1_124,NPC
125_1_125,OPC
125_1_131,AC
125_1_133,NPC
125_1_135,OPC
125_1_137,OPC
125_1_139,OPC
125_1_146,AC
125_1_149,OPC
125_1_151,OPC
125_1_152,NPC
125_1_154,OPC
125_1_155,OPC
125_1_156,AC
125_1_159,AC
125_1_161,AC
125_1_162,OPC
125_1_165,AC
125_1_166,NPC
125_1_167,OPC
125_1_173,NPC
125_1_174,OPC
125_1_178,OPC
125_1_179,OPC
125_1_180,AC
125_1_181,OPC
125_1_182,OPC
125_1_183,NPC
125_1_184,OPC
125_1_187,NPC
125_1_189,AC
125_1_190,AC
125_1_194,OPC
125_1_196,OPC
125_1_199,OPC
125_1_200,NPC
125_1_206,AC
125_1_207,NPC
125_1_208,OPC
125_1_213,AC
125_1_214,OPC
125_1_218,AC
125_1_220,OPC
125_1_221,NPC
125_1_222,AC
125_1_223,OPC
125_1_224,OPC
125_1_228,NPC
125_1_229,OPC
125_1_230,AC
125_1_231,NPC
125_1_232,OPC
125_1_234,NPC
125_1_235,OPC
125_1_236,OPC
125_1_237,AC
125_1_238,OPC
125_1_239,AC
125_1_241,OPC
125_1_242,NPC
125_1_243,AC
125_1_245,AC
125_1_246,AC
125_1_247,OPC
125_1_248,NPC
125_1_252,NPC
125_1_253,NPC
125_1_254,AC
125_1_255,OPC
125_1_259,NPC
125_1_261,OPC
125_1_263,AC
125_1_264,NPC
125_1_265,AC
125_1_266,OPC
125_1_268,OPC
125_1_271,NPC
125_1_272,OPC
125_1_273,OPC
125_1_274,OPC
125_1_276,AC
125_1_277,NPC
125_1_278,OPC
125_1_279,OPC
125_1_280,AC
125_1_287,NPC
125_1_288,OPC
125_1_290,AC
125_1_293,NPC
125_1_294,AC
125_1_295,NPC
125_1_296,AC
125_1_297,NPC
125_1_298,OPC
125_1_299,NPC
125_1_300,OPC
125_1_301,NPC
125_1_302,AC
125_1_304,OPC
125_1_306,NPC
125_1_307,AC
125_1_308,AC
125_1_309,AC
125_1_312,NPC
125_1_313,AC
125_1_314,OPC
125_1_315,AC
125_1_316,OPC
125_1_318,AC
125_1_319,AC
125_1_320,NPC
125_1_321,OPC
125_1_324,AC
125_1_326,OPC
125_1_328,AC
125_1_332,NPC
125_1_333,OPC
125_1_334,NPC
125_1_336,AC
125_1_338,AC
125_1_343,OPC
125_1_344,NPC
125_1_346,OPC
125_1_349,OPC
125_1_351,OPC
125_1_352,OPC
125_1_355,NPC
125_1_356,OPC
125_1_357,NPC
125_1_359,NPC
125_1_360,OPC
125_1_361,NPC
125_1_363,AC
125_1_364,OPC
125_1_365,OPC
125_1_367,OPC
125_1_368,NPC
125_1_369,OPC
125_1_376,NPC
125_1_377,NPC
125_1_380,OPC
125_1_381,OPC
125_1_382,OPC
125_1_383,OPC
125_1_385,OPC
125_1_388,AC
125_1_390,OPC
125_1_393,AC
125_1_395,NPC
125_1_399,OPC
125_1_400,OPC
125_1_405,AC
125_1_406,OPC
125_1_408,AC
125_1_409,NPC
125_1_410,OPC
125_1_413,NPC
125_1_415,OPC
125_1_419,OPC
125_1_420,AC
125_1_421,AC
125_1_423,AC
125_1_426,AC
125_1_430,AC
125_1_431,NPC
125_1_434,NPC
125_1_436,AC
125_1_437,AC
125_1_441,OPC
125_1_448,AC
125_1_449,NPC
125_1_451,NPC
125_1_453,AC
125_1_454,AC
125_1_455,OPC
125_1_457,OPC
125_1_460,OPC
125_1_461,OPC
125_1_464,NPC
125_1_465,NPC
125_1_467,OPC
125_1_469,NPC
125_1_470,NPC
125_1_475,NPC
125_1_476,AC
125_1_477,OPC
125_1_478,AC
125_1_479,OPC
125_1_483,NPC
125_1_484,OPC
125_1_486,AC
125_1_487,AC
125_1_488,NPC
125_1_490,NPC
125_1_494,OPC
125_1_495,OPC
125_1_497,NPC
125_1_498,NPC
125_1_499,OPC
125_1_502,OPC
125_1_503,NPC
125_1_505,AC
125_1_506,OPC
125_1_507,NPC
125_1_508,NPC
125_1_509,OPC
125_1_511,OPC
125_1_512,NPC
125_1_513,AC
125_1_514,OPC
125_1_516,AC
125_1_518,AC
125_1_520,NPC
125_1_521,OPC
125_1_522,OPC
125_1_526,OPC
125_1_528,OPC
125_1_531,OPC
125_1_532,OPC
125_1_533,OPC
125_1_534,AC
125_1_535,AC
125_1_536,NPC
125_1_537,AC
125_1_539,AC
125_1_540,AC
125_1_541,AC
125_1_542,NPC
125_1_543,OPC
125_1_544,NPC
125_1_545,MES
125_1_549,AC
125_1_550,AC
125_1_551,AC
125_1_554,NPC
125_1_557,AC
125_1_558,NPC
125_1_559,NPC
125_1_560,AC
125_1_561,AC
125_1_562,AC
125_1_564,AC
125_1_565,NPC
125_1_566,OPC
125_1_567,AC
125_1_568,OPC
125_1_569,AC
125_1_571,AC
125_1_575,OPC
125_1_579,NPC
125_1_580,OPC
125_1_581,OPC
125_1_585,NPC
125_1_587,NPC
125_1_588,AC
125_1_589,NPC
125_1_590,NPC
125_1_592,AC
125_1_593,AC
125_1_594,OPC
125_1_596,AC
125_1_599,NPC
125_1_602,AC
125_1_605,OPC
125_1_606,AC
125_1_607,AC
125_1_608,OPC
125_1_609,NPC
125_1_610,AC
125_1_611,NPC
125_1_612,NPC
125_1_614,NPC
125_1_621,OPC
125_1_623,AC
125_1_624,OPC
125_1_625,NPC
125_1_627,OPC
125_1_628,OPC
125_1_630,NPC
125_1_632,AC
125_1_637,OPC
125_1_639,OPC
125_1_642,OPC
125_1_646,OPC
125_1_648,NPC
125_1_649,AC
125_1_650,AC
125_1_653,OPC
125_1_655,AC
125_1_658,NPC
125_1_660,AC
125_1_661,AC
125_1_662,AC
125_1_670,AC
125_1_671,OPC
125_1_674,OPC
125_1_675,AC
125_1_676,AC
125_1_677,NPC
125_1_679,AC
125_1_683,NPC
125_1_685,AC
125_1_688,NPC
125_1_689,OPC
125_1_691,NPC
125_1_693,AC
125_1_695,OPC
125_1_696,OPC
125_1_697,NPC
125_1_700,OPC
125_1_707,NPC
125_1_710,AC
125_1_711,NPC
125_1_714,AC
125_1_718,NPC
125_1_720,NPC
125_1_721,AC
125_1_722,NPC
125_1_731,AC
125_1_733,AC
125_1_734,OPC
125_1_737,OPC
125_1_738,AC
125_1_741,OPC
125_1_742,NPC
125_1_751,OPC
125_1_752,OPC
125_1_753,AC
125_1_755,OPC
125_1_756,OPC
125_1_759,AC
125_1_760,OPC
125_1_764,AC
125_1_765,AC
125_1_767,OPC
125_1_770,OPC
125_1_774,AC
125_1_775,OPC
125_1_781,OPC
125_1_783,OPC
125_1_784,OPC
125_1_791,AC
125_1_792,AC
125_1_793,NPC
125_1_794,OPC
125_1_795,NPC
125_1_796,OPC
125_1_798,OPC
125_1_803,OPC
125_1_804,AC
125_1_806,AC
125_1_809,AC
125_1_810,AC
125_1_811,AC
125_1_812,AC
125_1_813,NPC
125_1_815,OPC
125_1_819,AC
125_1_822,OPC
125_1_823,NPC
125_1_825,OPC
125_1_826,OPC
125_1_827,AC
125_1_828,NPC
125_1_829,AC
125_1_830,AC
125_1_831,OPC
125_1_835,AC
125_1_836,OPC
125_1_837,NPC
125_1_839,OPC
125_1_840,NPC
125_1_842,AC
125_1_844,AC
125_1_845,NPC
125_1_846,OPC
125_1_848,NPC
125_1_850,NPC
125_1_851,NPC
125_1_852,NPC
125_1_853,AC
125_1_854,AC
125_1_855,AC
125_1_856,AC
125_1_857,NPC
125_1_858,OPC
125_1_859,NPC
125_1_860,AC
125_1_863,OPC
125_1_864,AC
125_1_865,AC
125_1_866,OPC
125_1_868,NPC
125_1_870,AC
125_1_873,OPC
125_1_875,OPC
125_1_877,NPC
125_1_878,NPC
125_1_879,AC
125_1_882,OPC
125_1_883,OPC
125_1_886,AC
125_1_889,OPC
125_1_892,AC
125_1_894,AC
125_1_897,AC
125_1_903,NPC
125_1_904,NPC
125_1_907,OPC
125_1_908,AC
125_1_909,AC
125_1_910,NPC
125_1_913,AC
125_1_916,AC
125_1_917,AC
125_1_924,AC
125_1_926,AC
125_1_929,OPC
125_1_930,NPC
125_1_931,OPC
125_1_932,AC
125_1_937,AC
125_1_938,OPC
125_1_941,AC
125_1_942,OPC
125_1_945,OPC
125_1_946,NPC
125_1_947,OPC
125_1_948,OPC
125_1_950,AC
125_1_951,AC
125_1_954,NPC
125_1_963,AC
125_1_965,NPC
125_1_968,OPC
125_2_1,OPC
125_2_2,NPC
125_2_3,AC
125_2_4,AC
125_2_5,OPC
125_2_6,NPC
125_2_7,AC
125_2_9,OPC
125_2_10,AC
125_2_12,OPC
125_2_13,NPC
125_2_15,AC
125_2_17,NPC
125_2_19,NPC
125_2_20,OPC
125_2_22,AC
125_2_26,OPC
125_2_27,OPC
125_2_28,OPC
125_2_30,AC
125_2_31,AC
125_2_34,NPC
125_2_37,OPC
125_2_39,NPC
125_2_42,AC
125_2_43,AC
125_2_44,AC
125_2_47,OPC
125_2_49,NPC
125_2_50,NPC
125_2_51,OPC
125_2_53,NPC
125_2_58,AC
125_2_59,NPC
125_2_61,AC
125_2_62,AC
125_2_64,AC
125_2_68,OPC
125_2_71,OPC
125_2_74,AC
125_2_75,OPC
125_2_76,NPC
125_2_77,NPC
125_2_81,NPC
125_2_83,AC
125_2_91,OPC
125_2_98,OPC
125_2_99,AC
125_2_100,AC
125_2_103,OPC
125_2_104,AC
125_2_107,OPC
125_2_108,NPC
125_2_111,OPC
125_2_112,OPC
125_2_113,OPC
125_2_114,OPC
125_2_116,OPC
125_2_122,OPC
125_2_124,AC
125_2_125,AC
125_2_126,OPC
125_2_128,NPC
125_2_130,NPC
125_2_132,AC
125_2_133,AC
125_2_134,OPC
125_2_138,NPC
125_2_139,AC
125_2_141,AC
125_2_147,OPC
125_2_148,AC
125_2_149,AC
125_2_151,NPC
125_2_152,AC
125_2_156,NPC
125_2_157,AC
125_2_158,OPC
125_2_162,OPC
125_2_164,NPC
125_2_165,NPC
125_2_170,OPC
125_2_172,NPC
125_2_173,OPC
125_2_174,NPC
125_2_177,AC
125_2_178,AC
125_2_181,OPC
125_2_184,AC
125_2_190,OPC
125_2_191,AC
125_2_193,OPC
125_2_194,OPC
125_2_195,NPC
125_2_197,NPC
125_2_199,OPC
125_2_203,OPC
125_2_208,NPC
125_2_209,NPC
125_2_213,AC
125_2_219,AC
125_2_220,AC
125_2_225,NPC
125_2_226,NPC
125_2_227,OPC
125_2_228,AC
125_2_234,OPC
125_2_236,NPC
125_2_239,AC
125_2_240,AC
125_2_241,OPC
125_2_243,OPC
125_2_245,OPC
125_2_247,NPC
125_2_251,OPC
125_2_252,OPC
125_2_253,AC
125_2_257,AC
125_2_262,NPC
125_2_264,AC
125_2_266,AC
125_2_267,NPC
125_2_268,NPC
125_2_269,OPC
125_2_271,OPC
125_2_273,OPC
125_2_275,NPC
125_2_276,OPC
125_2_279,AC
125_2_280,OPC
125_2_281,NPC
125_2_282,AC
125_2_284,NPC
125_2_286,NPC
125_2_289,AC
125_2_292,OPC
125_2_293,AC
125_2_298,NPC
125_2_299,OPC
125_2_301,NPC
125_2_303,AC
125_2_306,NPC
125_2_307,AC
125_2_308,OPC
125_2_309,OPC
125_2_311,NPC
125_2_312,AC
125_2_313,OPC
125_2_316,OPC
125_2_320,NPC
125_2_321,OPC
125_2_324,AC
125_2_328,OPC
125_2_329,AC
125_2_330,NPC
125_2_332,OPC
125_2_333,AC
125_2_334,NPC
125_2_335,OPC
125_2_336,OPC
125_2_339,AC
125_2_340,AC
125_2_344,OPC
125_2_345,AC
125_2_347,OPC
125_2_349,OPC
125_2_350,NPC
125_2_351,NPC
125_2_352,OPC
125_2_353,AC
125_2_354,OPC
125_2_360,AC
125_2_362,OPC
125_2_363,OPC
125_2_364,NPC
125_2_366,OPC
125_2_367,NPC
125_2_368,AC
125_2_369,AC
125_2_370,NPC
125_2_373,AC
125_2_378,OPC
125_2_379,OPC
125_2_380,OPC
125_2_381,NPC
125_2_384,OPC
125_2_389,AC
125_2_390,NPC
125_2_395,OPC
125_2_396,AC
125_2_397,OPC
125_2_400,OPC
125_2_402,OPC
125_2_403,OPC
125_2_404,OPC
125_2_410,OPC
125_2_412,NPC
125_2_414,NPC
125_2_415,NPC
125_2_416,AC
125_2_418,OPC
125_2_419,AC
125_2_421,AC
125_2_422,NPC
125_2_430,OPC
125_2_437,NPC
125_2_439,OPC
125_2_441,NPC
125_2_443,AC
125_2_444,AC
125_2_446,AC
125_2_448,OPC
125_2_449,AC
125_2_458,NPC
125_2_459,AC
125_2_461,NPC
125_2_462,OPC
125_2_463,OPC
125_2_465,OPC
125_2_466,OPC
125_2_467,OPC
125_2_474,AC
125_2_476,AC
125_2_477,AC
125_2_481,OPC
125_2_484,AC
125_2_485,NPC
125_2_487,NPC
125_2_488,AC
125_2_489,NPC
125_2_494,AC
125_2_495,AC
125_2_496,NPC
125_2_497,NPC
125_2_498,AC
125_2_499,AC
125_2_501,AC
125_2_506,OPC
125_2_507,OPC
125_2_514,OPC
125_2_517,NPC
125_2_518,OPC
125_2_523,OPC
125_2_525,NPC
125_2_526,NPC
125_2_527,AC
125_2_529,AC
125_2_532,OPC
125_2_533,OPC
125_2_535,NPC
125_2_537,NPC
125_2_539,NPC
125_2_544,NPC
125_2_545,OPC
125_2_548,OPC
125_2_550,AC
125_2_552,AC
125_2_554,AC
125_2_555,NPC
125_2_556,OPC
125_2_557,NPC
125_2_560,OPC
125_2_563,OPC
125_2_564,OPC
125_2_565,AC
125_2_566,NPC
125_2_567,OPC
125_2_568,AC
125_2_571,NPC
125_2_575,OPC
125_2_576,AC
125_2_578,OPC
125_2_579,AC
125_2_580,OPC
125_2_583,AC
125_2_584,NPC
125_2_587,AC
125_2_588,NPC
125_2_590,OPC
125_2_591,OPC
125_2_592,OPC
125_2_593,OPC
125_2_599,AC
125_2_604,OPC
125_2_606,OPC
125_2_607,AC
125_2_609,OPC
125_2_611,OPC
125_2_612,NPC
125_2_614,OPC
125_2_615,OPC
125_2_618,AC
125_2_619,AC
125_2_622,AC
125_2_626,AC
125_2_627,OPC
125_2_630,OPC
125_2_631,AC
125_2_633,NPC
125_2_635,OPC
125_2_636,NPC
125_2_637,OPC
125_2_638,NPC
125_2_640,NPC
125_2_643,OPC
125_2_644,OPC
125_2_646,AC
125_2_649,AC
125_2_650,AC
125_2_651,NPC
125_2_654,AC
125_2_657,AC
125_2_658,OPC
125_2_659,OPC
125_2_660,NPC
125_2_661,OPC
125_2_662,OPC
125_2_665,AC
125_2_668,OPC
125_2_671,AC
125_2_672,AC
125_2_674,AC
125_2_677,OPC
125_2_679,OPC
125_2_680,OPC
125_2_683,AC
125_2_690,AC
125_2_693,NPC
125_2_695,AC
125_2_697,AC
125_2_698,OPC
125_2_700,NPC
125_2_704,AC
125_2_705,OPC
125_2_706,OPC
125_2_707,AC
125_2_710,AC
125_2_711,NPC
125_2_713,AC
125_2_715,AC
125_2_716,NPC
125_2_717,NPC
125_2_720,AC
125_2_721,AC
125_2_723,NPC
125_2_724,OPC
125_2_726,NPC
125_2_727,AC
125_2_732,OPC
125_2_736,AC
125_2_737,OPC
125_2_741,AC
125_2_742,NPC
125_2_744,MES
125_2_745,OPC
125_2_747,AC
125_2_748,OPC
125_2_749,NPC
125_2_751,NPC
125_2_753,OPC
125_2_754,AC
125_2_755,OPC
125_2_758,OPC
125_2_759,OPC
125_2_765,NPC
125_2_767,OPC
125_2_769,AC
125_2_771,NPC
125_2_775,NPC
125_2_776,OPC
125_2_777,OPC
125_2_782,OPC
125_2_783,OPC
125_2_785,OPC
125_2_788,NPC
125_2_789,OPC
125_2_794,AC
125_2_802,AC
125_2_804,AC
125_2_806,OPC
125_2_808,AC
125_2_812,NPC
125_2_813,AC
125_2_821,NPC
125_2_822,NPC
125_2_825,NPC
125_2_826,AC
125_2_828,NPC
125_2_829,OPC
105_C1_3,MES
105_C1_5,MES
105_C1_12,AC
105_C1_13,MES
105_C1_18,AC
105_C1_25,AC
105_C1_26,MES
105_C1_29,MES
105_C1_30,AC
105_C1_31,AC
105_C1_38,AC
105_C1_39,AC
105_C1_42,OPC
105_C1_44,AC
105_C1_47,AC
105_C1_48,AC
105_C1_62,MES
105_C1_64,AC
105_C1_65,AC
105_C1_66,AC
105_C1_67,AC
105_C1_70,MES
105_C1_71,AC
105_C1_74,AC
105_C1_77,MES
105_C1_78,MES
105_C1_85,AC
105_C1_86,MES
105_C1_89,AC
105_C1_90,AC
105_C1_96,AC
105_C1_100,AC
105_C1_105,AC
105_C1_109,AC
105_C1_111,AC
105_C1_112,AC
105_C1_116,MES
105_C1_117,AC
105_C1_119,MES
105_C1_128,AC
105_C1_129,MES
105_C1_132,AC
105_C1_135,AC
105_C1_136,MES
105_C1_139,MES
105_C1_143,AC
105_C1_146,MES
105_C1_148,AC
105_C1_149,MES
105_C1_154,AC
105_C1_158,AC
105_C1_164,MES
105_C1_165,MES
105_C1_168,AC
105_C1_170,AC
105_C1_176,AC
105_C1_177,MES
105_C1_188,AC
105_C1_189,AC
105_C1_193,AC
105_C1_202,AC
105_C1_203,MES
105_C1_204,AC
105_C1_212,AC
105_C1_213,MES
105_C1_214,MES
105_C1_216,AC
105_C1_219,AC
105_C1_221,MES
105_C1_225,AC
105_C1_229,AC
105_C1_231,AC
105_C1_232,MES
105_C1_233,MES
105_C1_238,AC
105_C1_239,MES
105_C1_241,AC
105_C1_242,AC
105_C1_243,AC
105_C1_248,MES
105_C1_256,MES
105_C1_259,MES
105_C1_260,AC
105_C1_261,AC
105_C1_271,AC
105_C1_273,AC
105_C1_275,MES
105_C1_286,AC
105_C1_290,AC
105_C1_294,AC
105_C1_300,MES
105_C1_301,MES
105_C1_303,AC
105_C1_304,MES
105_C1_309,AC
105_C1_310,MES
105_C1_311,MES
105_C1_317,AC
105_C1_324,MES
105_C1_325,AC
105_C1_328,AC
105_C1_331,AC
105_C1_332,AC
105_C1_333,AC
105_C1_336,AC
105_C1_337,MES
105_C1_339,AC
105_C1_343,MES
105_C1_348,AC
105_C1_350,AC
105_C1_362,AC
105_C1_364,MES
105_C1_365,AC
105_C1_369,AC
105_C1_370,AC
105_C1_371,MES
105_C1_375,AC
105_C1_380,AC
105_C1_381,AC
105_C1_383,MES
105_C1_390,AC
105_C1_391,MES
105_C1_392,AC
105_C1_393,MES
105_C1_394,MES
105_C1_398,AC
105_C1_408,AC
105_C1_411,AC
105_C1_416,AC
105_C1_419,AC
105_C1_423,MES
105_C1_426,MES
105_C1_427,MES
105_C1_430,AC
105_C1_431,MES
105_C1_432,MES
105_C1_433,AC
105_C1_434,MES
105_C1_435,MES
105_C1_441,AC
105_C1_442,AC
105_C1_444,MES
105_C1_447,MES
105_C1_450,AC
105_C1_454,MES
105_C1_455,MES
105_C1_461,AC
105_C1_465,AC
105_C1_469,MES
105_C1_472,MES
105_C1_473,AC
105_C1_476,AC
105_C1_477,AC
105_C1_482,AC
105_C1_484,AC
105_C1_485,AC
105_C1_493,MES
105_C1_496,MES
105_C1_497,AC
105_C1_498,MES
105_C1_505,AC
105_C1_508,MES
105_C1_509,MES
105_C1_519,AC
105_C1_522,AC
105_C1_524,MES
105_C1_526,AC
105_C1_528,MES
105_C1_534,AC
105_C1_536,MES
105_C1_537,AC
105_C1_543,MES
105_C1_545,MES
105_C1_551,AC
105_C1_556,AC
105_C1_559,AC
105_C1_562,AC
105_C1_565,AC
105_C1_566,MES
105_C1_568,MES
105_C1_569,AC
105_C1_570,MES
105_C1_571,AC
105_C1_572,AC
105_C1_573,MES
105_C1_579,AC
105_C1_580,MES
105_C1_583,MES
105_C1_584,AC
105_C1_590,AC
105_C1_591,AC
105_C1_592,AC
105_C1_596,AC
105_C1_612,MES
105_C1_618,MES
105_C1_619,AC
105_C1_622,MES
105_C1_623,MES
105_C1_626,AC
105_C1_627,AC
105_C2_1,AC
105_C2_2,AC
105_C2_8,MES
105_C2_11,AC
105_C2_15,AC
105_C2_21,AC
105_C2_24,AC
105_C2_26,MES
105_C2_27,MES
105_C2_28,MES
105_C2_35,AC
105_C2_52,MES
105_C2_55,MES
105_C2_60,MES
105_C2_63,AC
105_C2_67,MES
105_C2_69,MES
105_C2_75,AC
105_C2_77,MES
105_C2_80,MES
105_C2_84,AC
105_C2_86,MES
105_C2_93,MES
105_C2_96,AC
105_C2_101,MES
105_C2_102,MES
105_C2_110,AC
105_C2_113,AC
105_C2_115,MES
105_C2_120,MES
105_C2_129,MES
105_C2_136,AC
105_C2_138,MES
105_C2_140,MES
105_C2_142,AC
105_C2_145,MES
105_C2_148,MES
105_C2_150,AC
105_C2_155,MES
105_C2_158,MES
105_C2_166,MES
105_C2_170,MES
105_C2_171,MES
105_C2_177,AC
105_C2_183,MES
105_C2_184,MES
105_C2_185,MES
105_C2_190,AC
105_C2_194,MES
105_C2_196,AC
105_C2_201,MES
105_C2_207,AC
105_C2_213,MES
105_C2_218,MES
105_C2_221,MES
105_C2_222,MES
105_C2_224,MES
105_C2_231,MES
105_C2_233,MES
105_C2_235,AC
105_C2_236,MES
105_C2_247,MES
105_C2_250,MES
105_C2_251,AC
105_C2_253,MES
105_C2_259,AC
105_C2_271,MES
105_C2_273,MES
105_C2_276,MES
105_C2_277,MES
105_C2_281,AC
105_C2_284,MES
105_C2_292,MES
105_C2_293,AC
105_C2_296,AC
105_C2_305,MES
105_C2_306,MES
105_C2_307,MES
105_C2_312,AC
105_C2_321,MES
105_C2_331,MES
105_C2_334,AC
105_C2_336,AC
105_C2_337,MES
105_C2_339,MES
105_C2_344,MES
105_C2_348,MES
105_C2_349,MES
105_C2_351,MES
105_C2_353,AC
105_C2_355,AC
105_C2_362,AC
105_C2_364,MES
105_C2_371,MES
105_C2_381,AC
105_C2_383,AC
105_C2_386,MES
105_C2_387,AC
105_C2_389,AC
105_C2_396,MES
105_C2_400,MES
105_C2_402,MES
105_C2_406,AC
105_C2_409,MES
105_C2_417,MES
105_C2_423,MES
105_C2_425,MES
105_C2_429,MES
105_C2_435,MES
105_C2_438,MES
105_C2_443,MES
105_C2_450,MES
105_C2_451,MES
105_C2_453,MES
105_C2_459,MES
105_C2_460,MES
105_C2_468,MES
105_C2_472,AC
105_C2_480,AC
105_C2_481,AC
105_C2_483,AC
105_C2_484,MES
105_C2_488,MES
105_C2_490,AC
105_C2_495,MES
105_C2_496,MES
105_C2_499,AC
105_C2_502,AC
105_C2_504,MES
105_C2_513,MES
105_C2_518,MES
105_C2_519,MES
105_C2_522,AC
105_C2_527,MES
105_C2_535,AC
105_C2_539,MES
105_C2_543,MES
105_C2_546,MES
105_C2_547,AC
105_C2_552,MES
105_C2_562,AC
105_C2_563,MES
105_C2_565,MES
105_C2_566,MES
105_C2_567,MES
105_C2_569,AC
105_C2_574,MES
105_C2_575,MES
105_C2_579,AC
105_C2_582,AC
105_C2_586,AC
105_C2_588,MES
105_C2_598,AC
105_C2_603,MES
105_C2_608,AC
105_C2_609,AC
105_C2_617,AC
105_C2_620,AC
105_C2_622,MES
105_C2_625,MES
105_C2_633,MES
105_C2_634,MES
105_C2_639,MES
105_C2_641,AC
105_C2_652,MES
105_C2_656,MES
105_C2_658,AC
105_C2_666,AC
105_C2_668,AC
105_C2_674,MES
105_C2_675,MES
105_C2_677,MES
105_C2_683,MES
105_C2_690,AC
105_C2_698,AC
105_C2_705,MES
105_C2_706,MES
105_C2_707,AC
105_C2_711,MES
105_C2_715,MES
105_C2_718,MES
105_C2_723,MES
105_C2_725,AC
105_C2_726,AC
105_C2_728,MES
105_C2_730,MES
105_C2_731,AC
105_C2_732,MES
105_D1_131,AC
105_D2_39,AC
105_D2_90,AC
